Record Length,2.500000e+03,,   0.049947600000,  -2.56000,
Sample Interval,4.000000e-08,,   0.049947640000,  -2.56000,
Trigger Point,-1.248690000000e+06,,   0.049947680000,  -2.56000,
,,,   0.049947720000,  -2.56000,
,,,   0.049947760000,  -2.56000,
,,,   0.049947800000,  -2.64000,
Source,CH2,,   0.049947840000,  -2.64000,
Vertical Units,V,,   0.049947880000,  -2.48000,
Vertical Scale,2.000000e+00,,   0.049947920000,  -2.48000,
Vertical Offset,8.000000e-02,,   0.049947960000,  -2.56000,
Horizontal Units,s,,   0.049948000000,  -2.56000,
Horizontal Scale,1.000000e-05,,   0.049948040000,  -2.56000,
Pt Fmt,Y,,   0.049948080000,  -2.56000,
Yzero,0.000000e+00,,   0.049948120000,  -2.48000,
Probe Atten,1.000000e+00,,   0.049948160000,  -2.48000,
Model Number,TDS2014C,,   0.049948200000,  -2.48000,
Serial Number,C051164,,   0.049948240000,  -2.56000,
Firmware Version,FV:v24.26,,   0.049948280000,  -2.56000,
,,,0.049948320000,  -2.48000,
,,,0.049948360000,  -2.40000,
,,,0.049948400000,  -2.56000,
,,,0.049948440000,  -2.48000,
,,,0.049948480000,  -2.48000,
,,,0.049948520000,  -2.56000,
,,,0.049948560000,  -2.48000,
,,,0.049948600000,  -2.64000,
,,,0.049948640000,  -2.56000,
,,,0.049948680000,  -2.56000,
,,,0.049948720000,  -2.40000,
,,,0.049948760000,  -2.64000,
,,,0.049948800000,  -2.48000,
,,,0.049948840000,  -2.48000,
,,,0.049948880000,  -2.56000,
,,,0.049948920000,  -2.56000,
,,,0.049948960000,  -2.56000,
,,,0.049949000000,  -2.48000,
,,,0.049949040000,  -2.56000,
,,,0.049949080000,  -2.48000,
,,,0.049949120000,  -2.48000,
,,,0.049949160000,  -2.56000,
,,,0.049949200000,  -2.56000,
,,,0.049949240000,  -2.56000,
,,,0.049949280000,  -2.48000,
,,,0.049949320000,  -2.56000,
,,,0.049949360000,  -2.48000,
,,,0.049949400000,  -2.56000,
,,,0.049949440000,  -2.56000,
,,,0.049949480000,  -2.56000,
,,,0.049949520000,  -2.48000,
,,,0.049949560000,  -2.56000,
,,,0.049949600000,  -2.56000,
,,,0.049949640000,  -2.56000,
,,,0.049949680000,  -2.48000,
,,,0.049949720000,  -2.56000,
,,,0.049949760000,  -2.48000,
,,,0.049949800000,  -2.56000,
,,,0.049949840000,  -2.48000,
,,,0.049949880000,  -2.56000,
,,,0.049949920000,  -2.56000,
,,,0.049949960000,  -2.56000,
,,,0.049950000000,  -2.48000,
,,,0.049950040000,  -2.48000,
,,,0.049950080000,  -2.48000,
,,,0.049950120000,  -2.48000,
,,,0.049950160000,  -2.64000,
,,,0.049950200000,  -2.56000,
,,,0.049950240000,  -2.56000,
,,,0.049950280000,  -2.48000,
,,,0.049950320000,  -2.48000,
,,,0.049950360000,  -2.56000,
,,,0.049950400000,  -2.56000,
,,,0.049950440000,  -2.48000,
,,,0.049950480000,  -2.56000,
,,,0.049950520000,  -2.40000,
,,,0.049950560000,  -2.48000,
,,,0.049950600000,  -2.64000,
,,,0.049950640000,  -2.56000,
,,,0.049950680000,  -2.56000,
,,,0.049950720000,  -2.64000,
,,,0.049950760000,  -2.56000,
,,,0.049950800000,  -2.48000,
,,,0.049950840000,  -2.56000,
,,,0.049950880000,  -2.48000,
,,,0.049950920000,  -2.56000,
,,,0.049950960000,  -2.48000,
,,,0.049951000000,  -2.56000,
,,,0.049951040000,  -2.48000,
,,,0.049951080000,  -2.56000,
,,,0.049951120000,  -2.48000,
,,,0.049951160000,  -2.64000,
,,,0.049951200000,  -2.56000,
,,,0.049951240000,  -2.56000,
,,,0.049951280000,  -2.48000,
,,,0.049951320000,  -2.48000,
,,,0.049951360000,  -2.56000,
,,,0.049951400000,  -2.56000,
,,,0.049951440000,  -2.64000,
,,,0.049951480000,  -2.56000,
,,,0.049951520000,  -2.56000,
,,,0.049951560000,  -2.56000,
,,,0.049951600000,  -2.48000,
,,,0.049951640000,  -2.56000,
,,,0.049951680000,  -2.48000,
,,,0.049951720000,  -2.56000,
,,,0.049951760000,  -2.56000,
,,,0.049951800000,  -2.64000,
,,,0.049951840000,  -2.64000,
,,,0.049951880000,  -2.48000,
,,,0.049951920000,  -2.64000,
,,,0.049951960000,  -2.48000,
,,,0.049952000000,  -2.64000,
,,,0.049952040000,  -2.48000,
,,,0.049952080000,  -2.48000,
,,,0.049952120000,  -2.40000,
,,,0.049952160000,  -2.72000,
,,,0.049952200000,  -2.48000,
,,,0.049952240000,  -2.56000,
,,,0.049952280000,  -2.56000,
,,,0.049952320000,  -2.56000,
,,,0.049952360000,  -2.56000,
,,,0.049952400000,  -2.56000,
,,,0.049952440000,  -2.48000,
,,,0.049952480000,  -2.56000,
,,,0.049952520000,  -2.56000,
,,,0.049952560000,  -2.56000,
,,,0.049952600000,  -2.56000,
,,,0.049952640000,  -2.56000,
,,,0.049952680000,  -2.48000,
,,,0.049952720000,  -2.48000,
,,,0.049952760000,  -2.56000,
,,,0.049952800000,  -2.56000,
,,,0.049952840000,  -2.56000,
,,,0.049952880000,  -2.48000,
,,,0.049952920000,  -2.64000,
,,,0.049952960000,  -2.56000,
,,,0.049953000000,  -2.56000,
,,,0.049953040000,  -2.48000,
,,,0.049953080000,  -2.48000,
,,,0.049953120000,  -2.48000,
,,,0.049953160000,  -2.48000,
,,,0.049953200000,  -2.48000,
,,,0.049953240000,  -2.48000,
,,,0.049953280000,  -2.56000,
,,,0.049953320000,  -2.48000,
,,,0.049953360000,  -2.56000,
,,,0.049953400000,  -2.48000,
,,,0.049953440000,  -2.56000,
,,,0.049953480000,  -2.48000,
,,,0.049953520000,  -2.48000,
,,,0.049953560000,  -2.48000,
,,,0.049953600000,  -2.56000,
,,,0.049953640000,  -2.56000,
,,,0.049953680000,  -2.56000,
,,,0.049953720000,  -2.48000,
,,,0.049953760000,  -2.56000,
,,,0.049953800000,  -2.48000,
,,,0.049953840000,  -2.48000,
,,,0.049953880000,  -2.56000,
,,,0.049953920000,  -2.48000,
,,,0.049953960000,  -2.48000,
,,,0.049954000000,  -2.48000,
,,,0.049954040000,  -2.56000,
,,,0.049954080000,  -2.64000,
,,,0.049954120000,  -2.48000,
,,,0.049954160000,  -2.48000,
,,,0.049954200000,  -2.48000,
,,,0.049954240000,  -2.56000,
,,,0.049954280000,  -2.64000,
,,,0.049954320000,  -2.56000,
,,,0.049954360000,  -2.56000,
,,,0.049954400000,  -2.56000,
,,,0.049954440000,  -2.56000,
,,,0.049954480000,  -2.56000,
,,,0.049954520000,  -2.56000,
,,,0.049954560000,  -2.48000,
,,,0.049954600000,  -2.56000,
,,,0.049954640000,  -2.48000,
,,,0.049954680000,  -2.56000,
,,,0.049954720000,  -2.48000,
,,,0.049954760000,  -2.48000,
,,,0.049954800000,  -2.48000,
,,,0.049954840000,  -2.48000,
,,,0.049954880000,  -2.56000,
,,,0.049954920000,  -2.56000,
,,,0.049954960000,  -2.56000,
,,,0.049955000000,  -2.48000,
,,,0.049955040000,  -2.56000,
,,,0.049955080000,  -2.48000,
,,,0.049955120000,  -2.64000,
,,,0.049955160000,  -2.48000,
,,,0.049955200000,  -2.48000,
,,,0.049955240000,  -2.56000,
,,,0.049955280000,  -2.48000,
,,,0.049955320000,  -2.56000,
,,,0.049955360000,  -2.48000,
,,,0.049955400000,  -2.48000,
,,,0.049955440000,  -2.56000,
,,,0.049955480000,  -2.48000,
,,,0.049955520000,  -2.64000,
,,,0.049955560000,  -2.48000,
,,,0.049955600000,  -2.64000,
,,,0.049955640000,  -2.56000,
,,,0.049955680000,  -2.64000,
,,,0.049955720000,  -2.56000,
,,,0.049955760000,  -2.64000,
,,,0.049955800000,  -2.48000,
,,,0.049955840000,  -2.56000,
,,,0.049955880000,  -2.56000,
,,,0.049955920000,  -2.48000,
,,,0.049955960000,  -2.56000,
,,,0.049956000000,  -2.48000,
,,,0.049956040000,  -2.48000,
,,,0.049956080000,  -2.56000,
,,,0.049956120000,  -2.48000,
,,,0.049956160000,  -2.48000,
,,,0.049956200000,  -2.56000,
,,,0.049956240000,  -2.56000,
,,,0.049956280000,  -2.56000,
,,,0.049956320000,  -2.64000,
,,,0.049956360000,  -2.48000,
,,,0.049956400000,  -2.48000,
,,,0.049956440000,  -2.56000,
,,,0.049956480000,  -2.56000,
,,,0.049956520000,  -2.56000,
,,,0.049956560000,  -2.48000,
,,,0.049956600000,  -2.64000,
,,,0.049956640000,  -2.56000,
,,,0.049956680000,  -2.56000,
,,,0.049956720000,  -2.48000,
,,,0.049956760000,  -2.56000,
,,,0.049956800000,  -2.56000,
,,,0.049956840000,  -2.48000,
,,,0.049956880000,  -2.56000,
,,,0.049956920000,  -2.56000,
,,,0.049956960000,  -2.48000,
,,,0.049957000000,  -2.56000,
,,,0.049957040000,  -2.48000,
,,,0.049957080000,  -2.56000,
,,,0.049957120000,  -2.48000,
,,,0.049957160000,  -2.48000,
,,,0.049957200000,  -2.56000,
,,,0.049957240000,  -2.48000,
,,,0.049957280000,  -2.56000,
,,,0.049957320000,  -2.64000,
,,,0.049957360000,  -2.56000,
,,,0.049957400000,  -2.56000,
,,,0.049957440000,  -2.48000,
,,,0.049957480000,  -2.56000,
,,,0.049957520000,  -2.64000,
,,,0.049957560000,  -2.72000,
,,,0.049957600000,  -2.56000,
,,,0.049957640000,  -2.40000,
,,,0.049957680000,  -2.56000,
,,,0.049957720000,  -2.48000,
,,,0.049957760000,  -2.56000,
,,,0.049957800000,  -2.56000,
,,,0.049957840000,  -2.56000,
,,,0.049957880000,  -2.40000,
,,,0.049957920000,  -2.48000,
,,,0.049957960000,  -2.48000,
,,,0.049958000000,  -2.48000,
,,,0.049958040000,  -2.48000,
,,,0.049958080000,  -2.48000,
,,,0.049958120000,  -2.56000,
,,,0.049958160000,  -2.48000,
,,,0.049958200000,  -2.56000,
,,,0.049958240000,  -2.48000,
,,,0.049958280000,  -2.56000,
,,,0.049958320000,  -2.48000,
,,,0.049958360000,  -2.56000,
,,,0.049958400000,  -2.56000,
,,,0.049958440000,  -2.48000,
,,,0.049958480000,  -2.48000,
,,,0.049958520000,  -2.56000,
,,,0.049958560000,  -2.56000,
,,,0.049958600000,  -2.64000,
,,,0.049958640000,  -2.56000,
,,,0.049958680000,  -2.64000,
,,,0.049958720000,  -2.48000,
,,,0.049958760000,  -2.56000,
,,,0.049958800000,  -2.56000,
,,,0.049958840000,  -2.56000,
,,,0.049958880000,  -2.56000,
,,,0.049958920000,  -2.48000,
,,,0.049958960000,  -2.56000,
,,,0.049959000000,  -2.56000,
,,,0.049959040000,  -2.56000,
,,,0.049959080000,  -2.48000,
,,,0.049959120000,  -2.56000,
,,,0.049959160000,  -2.56000,
,,,0.049959200000,  -2.56000,
,,,0.049959240000,  -2.64000,
,,,0.049959280000,  -2.64000,
,,,0.049959320000,  -2.48000,
,,,0.049959360000,  -2.64000,
,,,0.049959400000,  -2.48000,
,,,0.049959440000,  -2.56000,
,,,0.049959480000,  -2.56000,
,,,0.049959520000,  -2.40000,
,,,0.049959560000,  -2.48000,
,,,0.049959600000,  -2.48000,
,,,0.049959640000,  -2.64000,
,,,0.049959680000,  -2.48000,
,,,0.049959720000,  -2.56000,
,,,0.049959760000,  -2.48000,
,,,0.049959800000,  -2.64000,
,,,0.049959840000,  -2.56000,
,,,0.049959880000,  -2.56000,
,,,0.049959920000,  -2.56000,
,,,0.049959960000,  -2.48000,
,,,0.049960000000,  -2.48000,
,,,0.049960040000,  -2.48000,
,,,0.049960080000,  -2.56000,
,,,0.049960120000,  -2.56000,
,,,0.049960160000,  -2.48000,
,,,0.049960200000,  -2.56000,
,,,0.049960240000,  -2.56000,
,,,0.049960280000,  -2.56000,
,,,0.049960320000,  -2.56000,
,,,0.049960360000,  -2.56000,
,,,0.049960400000,  -2.56000,
,,,0.049960440000,  -2.56000,
,,,0.049960480000,  -2.56000,
,,,0.049960520000,  -2.48000,
,,,0.049960560000,  -2.48000,
,,,0.049960600000,  -2.40000,
,,,0.049960640000,  -2.48000,
,,,0.049960680000,  -2.64000,
,,,0.049960720000,  -2.56000,
,,,0.049960760000,  -2.56000,
,,,0.049960800000,  -2.48000,
,,,0.049960840000,  -2.48000,
,,,0.049960880000,  -2.48000,
,,,0.049960920000,  -2.56000,
,,,0.049960960000,  -2.40000,
,,,0.049961000000,  -2.48000,
,,,0.049961040000,  -2.56000,
,,,0.049961080000,  -2.48000,
,,,0.049961120000,  -2.48000,
,,,0.049961160000,  -2.48000,
,,,0.049961200000,  -2.56000,
,,,0.049961240000,  -2.48000,
,,,0.049961280000,  -2.48000,
,,,0.049961320000,  -2.48000,
,,,0.049961360000,  -2.56000,
,,,0.049961400000,  -2.48000,
,,,0.049961440000,  -2.56000,
,,,0.049961480000,  -2.40000,
,,,0.049961520000,  -2.56000,
,,,0.049961560000,  -2.48000,
,,,0.049961600000,  -2.56000,
,,,0.049961640000,  -2.56000,
,,,0.049961680000,  -2.48000,
,,,0.049961720000,  -2.56000,
,,,0.049961760000,  -2.48000,
,,,0.049961800000,  -2.48000,
,,,0.049961840000,  -2.48000,
,,,0.049961880000,  -2.56000,
,,,0.049961920000,  -2.48000,
,,,0.049961960000,  -2.56000,
,,,0.049962000000,  -2.48000,
,,,0.049962040000,  -2.40000,
,,,0.049962080000,  -2.56000,
,,,0.049962120000,  -2.48000,
,,,0.049962160000,  -2.56000,
,,,0.049962200000,  -2.48000,
,,,0.049962240000,  -2.56000,
,,,0.049962280000,  -2.56000,
,,,0.049962320000,  -2.48000,
,,,0.049962360000,  -2.48000,
,,,0.049962400000,  -2.48000,
,,,0.049962440000,  -2.48000,
,,,0.049962480000,  -2.56000,
,,,0.049962520000,  -2.56000,
,,,0.049962560000,  -2.48000,
,,,0.049962600000,  -2.64000,
,,,0.049962640000,  -2.56000,
,,,0.049962680000,  -2.48000,
,,,0.049962720000,  -2.48000,
,,,0.049962760000,  -2.56000,
,,,0.049962800000,  -2.56000,
,,,0.049962840000,  -2.64000,
,,,0.049962880000,  -2.64000,
,,,0.049962920000,  -2.48000,
,,,0.049962960000,  -2.48000,
,,,0.049963000000,  -2.56000,
,,,0.049963040000,  -2.56000,
,,,0.049963080000,  -2.56000,
,,,0.049963120000,  -2.48000,
,,,0.049963160000,  -2.48000,
,,,0.049963200000,  -2.48000,
,,,0.049963240000,  -2.56000,
,,,0.049963280000,  -2.48000,
,,,0.049963320000,  -2.48000,
,,,0.049963360000,  -2.56000,
,,,0.049963400000,  -2.56000,
,,,0.049963440000,  -2.56000,
,,,0.049963480000,  -2.56000,
,,,0.049963520000,  -2.56000,
,,,0.049963560000,  -2.56000,
,,,0.049963600000,  -2.56000,
,,,0.049963640000,  -2.56000,
,,,0.049963680000,  -2.56000,
,,,0.049963720000,  -2.56000,
,,,0.049963760000,  -2.48000,
,,,0.049963800000,  -2.48000,
,,,0.049963840000,  -2.56000,
,,,0.049963880000,  -2.64000,
,,,0.049963920000,  -2.48000,
,,,0.049963960000,  -2.56000,
,,,0.049964000000,  -2.56000,
,,,0.049964040000,  -2.56000,
,,,0.049964080000,  -2.56000,
,,,0.049964120000,  -2.48000,
,,,0.049964160000,  -2.56000,
,,,0.049964200000,  -2.56000,
,,,0.049964240000,  -2.56000,
,,,0.049964280000,  -2.56000,
,,,0.049964320000,  -2.40000,
,,,0.049964360000,  -2.56000,
,,,0.049964400000,  -2.48000,
,,,0.049964440000,  -2.56000,
,,,0.049964480000,  -2.56000,
,,,0.049964520000,  -2.48000,
,,,0.049964560000,  -2.48000,
,,,0.049964600000,  -2.56000,
,,,0.049964640000,  -2.56000,
,,,0.049964680000,  -2.48000,
,,,0.049964720000,  -2.48000,
,,,0.049964760000,  -2.48000,
,,,0.049964800000,  -2.48000,
,,,0.049964840000,  -2.48000,
,,,0.049964880000,  -2.56000,
,,,0.049964920000,  -2.56000,
,,,0.049964960000,  -2.48000,
,,,0.049965000000,  -2.48000,
,,,0.049965040000,  -2.56000,
,,,0.049965080000,  -2.56000,
,,,0.049965120000,  -2.48000,
,,,0.049965160000,  -2.48000,
,,,0.049965200000,  -2.56000,
,,,0.049965240000,  -2.56000,
,,,0.049965280000,  -2.56000,
,,,0.049965320000,  -2.48000,
,,,0.049965360000,  -2.56000,
,,,0.049965400000,  -2.56000,
,,,0.049965440000,  -2.48000,
,,,0.049965480000,  -2.56000,
,,,0.049965520000,  -2.48000,
,,,0.049965560000,  -2.56000,
,,,0.049965600000,  -2.56000,
,,,0.049965640000,  -2.56000,
,,,0.049965680000,  -2.48000,
,,,0.049965720000,  -2.48000,
,,,0.049965760000,  -2.56000,
,,,0.049965800000,  -2.48000,
,,,0.049965840000,  -2.56000,
,,,0.049965880000,  -2.56000,
,,,0.049965920000,  -2.56000,
,,,0.049965960000,  -2.56000,
,,,0.049966000000,  -2.56000,
,,,0.049966040000,  -2.56000,
,,,0.049966080000,  -2.56000,
,,,0.049966120000,  -2.48000,
,,,0.049966160000,  -2.56000,
,,,0.049966200000,  -2.56000,
,,,0.049966240000,  -2.64000,
,,,0.049966280000,  -2.56000,
,,,0.049966320000,  -2.56000,
,,,0.049966360000,  -2.56000,
,,,0.049966400000,  -2.48000,
,,,0.049966440000,  -2.48000,
,,,0.049966480000,  -2.56000,
,,,0.049966520000,  -2.56000,
,,,0.049966560000,  -2.56000,
,,,0.049966600000,  -2.56000,
,,,0.049966640000,  -2.48000,
,,,0.049966680000,  -2.56000,
,,,0.049966720000,  -2.48000,
,,,0.049966760000,  -2.48000,
,,,0.049966800000,  -2.56000,
,,,0.049966840000,  -2.56000,
,,,0.049966880000,  -2.48000,
,,,0.049966920000,  -2.56000,
,,,0.049966960000,  -2.48000,
,,,0.049967000000,  -2.64000,
,,,0.049967040000,  -2.48000,
,,,0.049967080000,  -2.56000,
,,,0.049967120000,  -2.40000,
,,,0.049967160000,  -2.56000,
,,,0.049967200000,  -2.56000,
,,,0.049967240000,  -2.48000,
,,,0.049967280000,  -2.56000,
,,,0.049967320000,  -2.56000,
,,,0.049967360000,  -2.64000,
,,,0.049967400000,  -2.56000,
,,,0.049967440000,  -2.48000,
,,,0.049967480000,  -2.56000,
,,,0.049967520000,  -2.56000,
,,,0.049967560000,  -2.56000,
,,,0.049967600000,  -2.48000,
,,,0.049967640000,  -2.56000,
,,,0.049967680000,  -2.48000,
,,,0.049967720000,  -2.56000,
,,,0.049967760000,  -2.48000,
,,,0.049967800000,  -2.56000,
,,,0.049967840000,  -2.56000,
,,,0.049967880000,  -2.48000,
,,,0.049967920000,  -2.56000,
,,,0.049967960000,  -2.48000,
,,,0.049968000000,  -2.56000,
,,,0.049968040000,  -2.48000,
,,,0.049968080000,  -2.56000,
,,,0.049968120000,  -2.56000,
,,,0.049968160000,  -2.48000,
,,,0.049968200000,  -2.48000,
,,,0.049968240000,  -2.48000,
,,,0.049968280000,  -2.48000,
,,,0.049968320000,  -2.56000,
,,,0.049968360000,  -2.48000,
,,,0.049968400000,  -2.56000,
,,,0.049968440000,  -2.56000,
,,,0.049968480000,  -2.48000,
,,,0.049968520000,  -2.48000,
,,,0.049968560000,  -2.56000,
,,,0.049968600000,  -2.56000,
,,,0.049968640000,  -2.56000,
,,,0.049968680000,  -2.48000,
,,,0.049968720000,  -2.48000,
,,,0.049968760000,  -2.56000,
,,,0.049968800000,  -2.56000,
,,,0.049968840000,  -2.56000,
,,,0.049968880000,  -2.40000,
,,,0.049968920000,  -2.48000,
,,,0.049968960000,  -2.48000,
,,,0.049969000000,  -2.48000,
,,,0.049969040000,  -2.40000,
,,,0.049969080000,  -2.64000,
,,,0.049969120000,  -2.48000,
,,,0.049969160000,  -2.48000,
,,,0.049969200000,  -2.56000,
,,,0.049969240000,  -2.64000,
,,,0.049969280000,  -2.56000,
,,,0.049969320000,  -2.48000,
,,,0.049969360000,  -2.56000,
,,,0.049969400000,  -2.56000,
,,,0.049969440000,  -2.56000,
,,,0.049969480000,  -2.56000,
,,,0.049969520000,  -2.56000,
,,,0.049969560000,  -2.56000,
,,,0.049969600000,  -2.56000,
,,,0.049969640000,  -2.56000,
,,,0.049969680000,  -2.56000,
,,,0.049969720000,  -2.56000,
,,,0.049969760000,  -2.56000,
,,,0.049969800000,  -2.48000,
,,,0.049969840000,  -2.40000,
,,,0.049969880000,  -2.56000,
,,,0.049969920000,  -2.56000,
,,,0.049969960000,  -2.40000,
,,,0.049970000000,  -2.56000,
,,,0.049970040000,  -2.56000,
,,,0.049970080000,  -2.48000,
,,,0.049970120000,  -2.56000,
,,,0.049970160000,  -2.48000,
,,,0.049970200000,  -2.64000,
,,,0.049970240000,  -2.56000,
,,,0.049970280000,  -2.56000,
,,,0.049970320000,  -2.48000,
,,,0.049970360000,  -2.56000,
,,,0.049970400000,  -2.48000,
,,,0.049970440000,  -2.48000,
,,,0.049970480000,  -2.56000,
,,,0.049970520000,  -2.48000,
,,,0.049970560000,  -2.56000,
,,,0.049970600000,  -2.48000,
,,,0.049970640000,  -2.48000,
,,,0.049970680000,  -2.48000,
,,,0.049970720000,  -2.48000,
,,,0.049970760000,  -2.56000,
,,,0.049970800000,  -2.56000,
,,,0.049970840000,  -2.48000,
,,,0.049970880000,  -2.48000,
,,,0.049970920000,  -2.48000,
,,,0.049970960000,  -2.72000,
,,,0.049971000000,  -2.48000,
,,,0.049971040000,  -2.56000,
,,,0.049971080000,  -2.48000,
,,,0.049971120000,  -2.48000,
,,,0.049971160000,  -2.56000,
,,,0.049971200000,  -2.48000,
,,,0.049971240000,  -2.56000,
,,,0.049971280000,  -2.56000,
,,,0.049971320000,  -2.56000,
,,,0.049971360000,  -2.56000,
,,,0.049971400000,  -2.48000,
,,,0.049971440000,  -2.56000,
,,,0.049971480000,  -2.64000,
,,,0.049971520000,  -2.56000,
,,,0.049971560000,  -2.48000,
,,,0.049971600000,  -2.56000,
,,,0.049971640000,  -2.56000,
,,,0.049971680000,  -2.56000,
,,,0.049971720000,  -2.56000,
,,,0.049971760000,  -2.48000,
,,,0.049971800000,  -2.56000,
,,,0.049971840000,  -2.56000,
,,,0.049971880000,  -2.56000,
,,,0.049971920000,  -2.56000,
,,,0.049971960000,  -2.64000,
,,,0.049972000000,  -2.48000,
,,,0.049972040000,  -2.48000,
,,,0.049972080000,  -2.56000,
,,,0.049972120000,  -2.56000,
,,,0.049972160000,  -2.48000,
,,,0.049972200000,  -2.48000,
,,,0.049972240000,  -2.56000,
,,,0.049972280000,  -2.56000,
,,,0.049972320000,  -2.56000,
,,,0.049972360000,  -2.48000,
,,,0.049972400000,  -2.56000,
,,,0.049972440000,  -2.56000,
,,,0.049972480000,  -2.48000,
,,,0.049972520000,  -2.56000,
,,,0.049972560000,  -2.56000,
,,,0.049972600000,  -2.56000,
,,,0.049972640000,  -2.56000,
,,,0.049972680000,  -2.56000,
,,,0.049972720000,  -2.56000,
,,,0.049972760000,  -2.48000,
,,,0.049972800000,  -2.56000,
,,,0.049972840000,  -2.56000,
,,,0.049972880000,  -2.56000,
,,,0.049972920000,  -2.56000,
,,,0.049972960000,  -2.56000,
,,,0.049973000000,  -2.56000,
,,,0.049973040000,  -2.56000,
,,,0.049973080000,  -2.56000,
,,,0.049973120000,  -2.40000,
,,,0.049973160000,  -2.64000,
,,,0.049973200000,  -2.64000,
,,,0.049973240000,  -2.56000,
,,,0.049973280000,  -2.48000,
,,,0.049973320000,  -2.56000,
,,,0.049973360000,  -2.48000,
,,,0.049973400000,  -2.56000,
,,,0.049973440000,  -2.56000,
,,,0.049973480000,  -2.48000,
,,,0.049973520000,  -2.56000,
,,,0.049973560000,  -2.56000,
,,,0.049973600000,  -2.48000,
,,,0.049973640000,  -2.48000,
,,,0.049973680000,  -2.56000,
,,,0.049973720000,  -2.64000,
,,,0.049973760000,  -2.56000,
,,,0.049973800000,  -2.48000,
,,,0.049973840000,  -2.56000,
,,,0.049973880000,  -2.56000,
,,,0.049973920000,  -2.48000,
,,,0.049973960000,  -2.56000,
,,,0.049974000000,  -2.56000,
,,,0.049974040000,  -2.48000,
,,,0.049974080000,  -2.56000,
,,,0.049974120000,  -2.56000,
,,,0.049974160000,  -2.56000,
,,,0.049974200000,  -2.48000,
,,,0.049974240000,  -2.56000,
,,,0.049974280000,  -2.56000,
,,,0.049974320000,  -2.48000,
,,,0.049974360000,  -2.56000,
,,,0.049974400000,  -2.56000,
,,,0.049974440000,  -2.56000,
,,,0.049974480000,  -2.64000,
,,,0.049974520000,  -2.64000,
,,,0.049974560000,  -2.40000,
,,,0.049974600000,  -2.48000,
,,,0.049974640000,  -2.56000,
,,,0.049974680000,  -2.56000,
,,,0.049974720000,  -2.48000,
,,,0.049974760000,  -2.56000,
,,,0.049974800000,  -2.48000,
,,,0.049974840000,  -2.56000,
,,,0.049974880000,  -2.56000,
,,,0.049974920000,  -2.48000,
,,,0.049974960000,  -2.56000,
,,,0.049975000000,  -2.56000,
,,,0.049975040000,  -2.48000,
,,,0.049975080000,  -2.48000,
,,,0.049975120000,  -2.48000,
,,,0.049975160000,  -2.48000,
,,,0.049975200000,  -2.56000,
,,,0.049975240000,  -2.56000,
,,,0.049975280000,  -2.48000,
,,,0.049975320000,  -2.56000,
,,,0.049975360000,  -2.56000,
,,,0.049975400000,  -2.48000,
,,,0.049975440000,  -2.64000,
,,,0.049975480000,  -2.56000,
,,,0.049975520000,  -2.48000,
,,,0.049975560000,  -2.56000,
,,,0.049975600000,  -2.56000,
,,,0.049975640000,  -2.56000,
,,,0.049975680000,  -2.64000,
,,,0.049975720000,  -2.56000,
,,,0.049975760000,  -2.64000,
,,,0.049975800000,  -2.48000,
,,,0.049975840000,  -2.56000,
,,,0.049975880000,  -2.48000,
,,,0.049975920000,  -2.56000,
,,,0.049975960000,  -2.48000,
,,,0.049976000000,  -2.56000,
,,,0.049976040000,  -2.64000,
,,,0.049976080000,  -2.48000,
,,,0.049976120000,  -2.48000,
,,,0.049976160000,  -2.48000,
,,,0.049976200000,  -2.48000,
,,,0.049976240000,  -2.56000,
,,,0.049976280000,  -2.48000,
,,,0.049976320000,  -2.48000,
,,,0.049976360000,  -2.56000,
,,,0.049976400000,  -2.56000,
,,,0.049976440000,  -2.48000,
,,,0.049976480000,  -2.56000,
,,,0.049976520000,  -2.56000,
,,,0.049976560000,  -2.48000,
,,,0.049976600000,  -2.56000,
,,,0.049976640000,  -2.48000,
,,,0.049976680000,  -2.56000,
,,,0.049976720000,  -2.48000,
,,,0.049976760000,  -2.56000,
,,,0.049976800000,  -2.48000,
,,,0.049976840000,  -2.48000,
,,,0.049976880000,  -2.56000,
,,,0.049976920000,  -2.48000,
,,,0.049976960000,  -2.48000,
,,,0.049977000000,  -2.56000,
,,,0.049977040000,  -2.48000,
,,,0.049977080000,  -2.64000,
,,,0.049977120000,  -2.56000,
,,,0.049977160000,  -2.56000,
,,,0.049977200000,  -2.48000,
,,,0.049977240000,  -2.48000,
,,,0.049977280000,  -2.56000,
,,,0.049977320000,  -2.48000,
,,,0.049977360000,  -2.48000,
,,,0.049977400000,  -2.56000,
,,,0.049977440000,  -2.48000,
,,,0.049977480000,  -2.56000,
,,,0.049977520000,  -2.56000,
,,,0.049977560000,  -2.48000,
,,,0.049977600000,  -2.56000,
,,,0.049977640000,  -2.56000,
,,,0.049977680000,  -2.56000,
,,,0.049977720000,  -2.56000,
,,,0.049977760000,  -2.56000,
,,,0.049977800000,  -2.48000,
,,,0.049977840000,  -2.48000,
,,,0.049977880000,  -2.40000,
,,,0.049977920000,  -2.56000,
,,,0.049977960000,  -2.56000,
,,,0.049978000000,  -2.48000,
,,,0.049978040000,  -2.56000,
,,,0.049978080000,  -2.64000,
,,,0.049978120000,  -2.48000,
,,,0.049978160000,  -2.56000,
,,,0.049978200000,  -2.48000,
,,,0.049978240000,  -2.56000,
,,,0.049978280000,  -2.56000,
,,,0.049978320000,  -2.56000,
,,,0.049978360000,  -2.48000,
,,,0.049978400000,  -2.48000,
,,,0.049978440000,  -2.48000,
,,,0.049978480000,  -2.64000,
,,,0.049978520000,  -2.48000,
,,,0.049978560000,  -2.56000,
,,,0.049978600000,  -2.56000,
,,,0.049978640000,  -2.48000,
,,,0.049978680000,  -2.64000,
,,,0.049978720000,  -2.56000,
,,,0.049978760000,  -2.48000,
,,,0.049978800000,  -2.48000,
,,,0.049978840000,  -2.40000,
,,,0.049978880000,  -2.56000,
,,,0.049978920000,  -2.48000,
,,,0.049978960000,  -2.48000,
,,,0.049979000000,  -2.48000,
,,,0.049979040000,  -2.48000,
,,,0.049979080000,  -2.64000,
,,,0.049979120000,  -2.48000,
,,,0.049979160000,  -2.56000,
,,,0.049979200000,  -2.56000,
,,,0.049979240000,  -2.56000,
,,,0.049979280000,  -2.48000,
,,,0.049979320000,  -2.48000,
,,,0.049979360000,  -2.56000,
,,,0.049979400000,  -2.56000,
,,,0.049979440000,  -2.56000,
,,,0.049979480000,  -2.48000,
,,,0.049979520000,  -2.56000,
,,,0.049979560000,  -2.56000,
,,,0.049979600000,  -2.64000,
,,,0.049979640000,  -2.56000,
,,,0.049979680000,  -2.56000,
,,,0.049979720000,  -2.56000,
,,,0.049979760000,  -2.56000,
,,,0.049979800000,  -2.56000,
,,,0.049979840000,  -2.56000,
,,,0.049979880000,  -2.56000,
,,,0.049979920000,  -2.56000,
,,,0.049979960000,  -2.56000,
,,,0.049980000000,  -2.56000,
,,,0.049980040000,  -2.48000,
,,,0.049980080000,  -2.56000,
,,,0.049980120000,  -2.48000,
,,,0.049980160000,  -2.48000,
,,,0.049980200000,  -2.64000,
,,,0.049980240000,  -2.56000,
,,,0.049980280000,  -2.56000,
,,,0.049980320000,  -2.56000,
,,,0.049980360000,  -2.56000,
,,,0.049980400000,  -2.48000,
,,,0.049980440000,  -2.56000,
,,,0.049980480000,  -2.56000,
,,,0.049980520000,  -2.48000,
,,,0.049980560000,  -2.56000,
,,,0.049980600000,  -2.56000,
,,,0.049980640000,  -2.48000,
,,,0.049980680000,  -2.48000,
,,,0.049980720000,  -2.48000,
,,,0.049980760000,  -2.56000,
,,,0.049980800000,  -2.48000,
,,,0.049980840000,  -2.56000,
,,,0.049980880000,  -2.48000,
,,,0.049980920000,  -2.48000,
,,,0.049980960000,  -2.56000,
,,,0.049981000000,  -2.56000,
,,,0.049981040000,  -2.48000,
,,,0.049981080000,  -2.64000,
,,,0.049981120000,  -2.56000,
,,,0.049981160000,  -2.56000,
,,,0.049981200000,  -2.56000,
,,,0.049981240000,  -2.64000,
,,,0.049981280000,  -2.56000,
,,,0.049981320000,  -2.56000,
,,,0.049981360000,  -2.56000,
,,,0.049981400000,  -2.56000,
,,,0.049981440000,  -2.56000,
,,,0.049981480000,  -2.56000,
,,,0.049981520000,  -2.48000,
,,,0.049981560000,  -2.56000,
,,,0.049981600000,  -2.64000,
,,,0.049981640000,  -2.48000,
,,,0.049981680000,  -2.56000,
,,,0.049981720000,  -2.48000,
,,,0.049981760000,  -2.56000,
,,,0.049981800000,  -2.56000,
,,,0.049981840000,  -2.56000,
,,,0.049981880000,  -2.56000,
,,,0.049981920000,  -2.56000,
,,,0.049981960000,  -2.56000,
,,,0.049982000000,  -2.56000,
,,,0.049982040000,  -2.64000,
,,,0.049982080000,  -2.56000,
,,,0.049982120000,  -2.64000,
,,,0.049982160000,  -2.56000,
,,,0.049982200000,  -2.48000,
,,,0.049982240000,  -2.56000,
,,,0.049982280000,  -2.56000,
,,,0.049982320000,  -2.48000,
,,,0.049982360000,  -2.48000,
,,,0.049982400000,  -2.56000,
,,,0.049982440000,  -2.48000,
,,,0.049982480000,  -2.56000,
,,,0.049982520000,  -2.56000,
,,,0.049982560000,  -2.56000,
,,,0.049982600000,  -2.56000,
,,,0.049982640000,  -2.48000,
,,,0.049982680000,  -2.56000,
,,,0.049982720000,  -2.48000,
,,,0.049982760000,  -2.56000,
,,,0.049982800000,  -2.56000,
,,,0.049982840000,  -2.56000,
,,,0.049982880000,  -2.40000,
,,,0.049982920000,  -2.56000,
,,,0.049982960000,  -2.56000,
,,,0.049983000000,  -2.56000,
,,,0.049983040000,  -2.64000,
,,,0.049983080000,  -2.48000,
,,,0.049983120000,  -2.56000,
,,,0.049983160000,  -2.56000,
,,,0.049983200000,  -2.56000,
,,,0.049983240000,  -2.48000,
,,,0.049983280000,  -2.56000,
,,,0.049983320000,  -2.56000,
,,,0.049983360000,  -2.56000,
,,,0.049983400000,  -2.56000,
,,,0.049983440000,  -2.56000,
,,,0.049983480000,  -2.56000,
,,,0.049983520000,  -2.56000,
,,,0.049983560000,  -2.40000,
,,,0.049983600000,  -2.48000,
,,,0.049983640000,  -2.56000,
,,,0.049983680000,  -2.56000,
,,,0.049983720000,  -2.56000,
,,,0.049983760000,  -2.56000,
,,,0.049983800000,  -2.48000,
,,,0.049983840000,  -2.64000,
,,,0.049983880000,  -2.56000,
,,,0.049983920000,  -2.48000,
,,,0.049983960000,  -2.56000,
,,,0.049984000000,  -2.40000,
,,,0.049984040000,  -2.56000,
,,,0.049984080000,  -2.48000,
,,,0.049984120000,  -2.40000,
,,,0.049984160000,  -2.48000,
,,,0.049984200000,  -2.48000,
,,,0.049984240000,  -2.56000,
,,,0.049984280000,  -2.56000,
,,,0.049984320000,  -2.56000,
,,,0.049984360000,  -2.48000,
,,,0.049984400000,  -2.48000,
,,,0.049984440000,  -2.48000,
,,,0.049984480000,  -2.56000,
,,,0.049984520000,  -2.64000,
,,,0.049984560000,  -2.56000,
,,,0.049984600000,  -2.64000,
,,,0.049984640000,  -2.56000,
,,,0.049984680000,  -2.64000,
,,,0.049984720000,  -2.56000,
,,,0.049984760000,  -2.48000,
,,,0.049984800000,  -2.64000,
,,,0.049984840000,  -2.48000,
,,,0.049984880000,  -2.56000,
,,,0.049984920000,  -2.56000,
,,,0.049984960000,  -2.48000,
,,,0.049985000000,  -2.56000,
,,,0.049985040000,  -2.56000,
,,,0.049985080000,  -2.48000,
,,,0.049985120000,  -2.48000,
,,,0.049985160000,  -2.56000,
,,,0.049985200000,  -2.56000,
,,,0.049985240000,  -2.48000,
,,,0.049985280000,  -2.48000,
,,,0.049985320000,  -2.56000,
,,,0.049985360000,  -2.56000,
,,,0.049985400000,  -2.48000,
,,,0.049985440000,  -2.56000,
,,,0.049985480000,  -2.56000,
,,,0.049985520000,  -2.48000,
,,,0.049985560000,  -2.56000,
,,,0.049985600000,  -2.48000,
,,,0.049985640000,  -2.56000,
,,,0.049985680000,  -2.48000,
,,,0.049985720000,  -2.48000,
,,,0.049985760000,  -2.56000,
,,,0.049985800000,  -2.56000,
,,,0.049985840000,  -2.56000,
,,,0.049985880000,  -2.56000,
,,,0.049985920000,  -2.48000,
,,,0.049985960000,  -2.56000,
,,,0.049986000000,  -2.56000,
,,,0.049986040000,  -2.56000,
,,,0.049986080000,  -2.56000,
,,,0.049986120000,  -2.64000,
,,,0.049986160000,  -2.48000,
,,,0.049986200000,  -2.56000,
,,,0.049986240000,  -2.40000,
,,,0.049986280000,  -2.56000,
,,,0.049986320000,  -2.56000,
,,,0.049986360000,  -2.56000,
,,,0.049986400000,  -2.48000,
,,,0.049986440000,  -2.40000,
,,,0.049986480000,  -2.56000,
,,,0.049986520000,  -2.56000,
,,,0.049986560000,  -2.56000,
,,,0.049986600000,  -2.56000,
,,,0.049986640000,  -2.48000,
,,,0.049986680000,  -2.64000,
,,,0.049986720000,  -2.48000,
,,,0.049986760000,  -2.48000,
,,,0.049986800000,  -2.56000,
,,,0.049986840000,  -2.56000,
,,,0.049986880000,  -2.56000,
,,,0.049986920000,  -2.48000,
,,,0.049986960000,  -2.56000,
,,,0.049987000000,  -2.56000,
,,,0.049987040000,  -2.48000,
,,,0.049987080000,  -2.56000,
,,,0.049987120000,  -2.56000,
,,,0.049987160000,  -2.48000,
,,,0.049987200000,  -2.56000,
,,,0.049987240000,  -2.48000,
,,,0.049987280000,  -2.48000,
,,,0.049987320000,  -2.48000,
,,,0.049987360000,  -2.56000,
,,,0.049987400000,  -2.56000,
,,,0.049987440000,  -2.64000,
,,,0.049987480000,  -2.56000,
,,,0.049987520000,  -2.48000,
,,,0.049987560000,  -2.56000,
,,,0.049987600000,  -2.56000,
,,,0.049987640000,  -2.56000,
,,,0.049987680000,  -2.48000,
,,,0.049987720000,  -2.56000,
,,,0.049987760000,  -2.48000,
,,,0.049987800000,  -2.48000,
,,,0.049987840000,  -2.48000,
,,,0.049987880000,  -2.48000,
,,,0.049987920000,  -2.56000,
,,,0.049987960000,  -2.56000,
,,,0.049988000000,  -2.56000,
,,,0.049988040000,  -2.40000,
,,,0.049988080000,  -2.40000,
,,,0.049988120000,  -2.48000,
,,,0.049988160000,  -2.48000,
,,,0.049988200000,  -2.48000,
,,,0.049988240000,  -2.48000,
,,,0.049988280000,  -2.56000,
,,,0.049988320000,  -2.48000,
,,,0.049988360000,  -2.56000,
,,,0.049988400000,  -2.48000,
,,,0.049988440000,  -2.56000,
,,,0.049988480000,  -2.56000,
,,,0.049988520000,  -2.56000,
,,,0.049988560000,  -2.56000,
,,,0.049988600000,  -2.48000,
,,,0.049988640000,  -2.64000,
,,,0.049988680000,  -2.56000,
,,,0.049988720000,  -2.48000,
,,,0.049988760000,  -2.48000,
,,,0.049988800000,  -2.56000,
,,,0.049988840000,  -2.48000,
,,,0.049988880000,  -2.56000,
,,,0.049988920000,  -2.48000,
,,,0.049988960000,  -2.48000,
,,,0.049989000000,  -2.64000,
,,,0.049989040000,  -2.56000,
,,,0.049989080000,  -2.56000,
,,,0.049989120000,  -2.56000,
,,,0.049989160000,  -2.56000,
,,,0.049989200000,  -2.48000,
,,,0.049989240000,  -2.56000,
,,,0.049989280000,  -2.48000,
,,,0.049989320000,  -2.48000,
,,,0.049989360000,  -2.56000,
,,,0.049989400000,  -2.56000,
,,,0.049989440000,  -2.48000,
,,,0.049989480000,  -2.48000,
,,,0.049989520000,  -2.56000,
,,,0.049989560000,  -2.48000,
,,,0.049989600000,  -2.56000,
,,,0.049989640000,  -2.48000,
,,,0.049989680000,  -2.56000,
,,,0.049989720000,  -2.48000,
,,,0.049989760000,  -2.40000,
,,,0.049989800000,  -2.56000,
,,,0.049989840000,  -2.56000,
,,,0.049989880000,  -2.48000,
,,,0.049989920000,  -2.48000,
,,,0.049989960000,  -2.56000,
,,,0.049990000000,  -2.56000,
,,,0.049990040000,  -2.48000,
,,,0.049990080000,  -2.56000,
,,,0.049990120000,  -2.56000,
,,,0.049990160000,  -2.64000,
,,,0.049990200000,  -2.56000,
,,,0.049990240000,  -2.56000,
,,,0.049990280000,  -2.48000,
,,,0.049990320000,  -2.56000,
,,,0.049990360000,  -2.56000,
,,,0.049990400000,  -2.48000,
,,,0.049990440000,  -2.56000,
,,,0.049990480000,  -2.56000,
,,,0.049990520000,  -2.56000,
,,,0.049990560000,  -2.64000,
,,,0.049990600000,  -2.48000,
,,,0.049990640000,  -2.56000,
,,,0.049990680000,  -2.56000,
,,,0.049990720000,  -2.56000,
,,,0.049990760000,  -2.48000,
,,,0.049990800000,  -2.48000,
,,,0.049990840000,  -2.56000,
,,,0.049990880000,  -2.56000,
,,,0.049990920000,  -2.48000,
,,,0.049990960000,  -2.48000,
,,,0.049991000000,  -2.48000,
,,,0.049991040000,  -2.56000,
,,,0.049991080000,  -2.56000,
,,,0.049991120000,  -2.56000,
,,,0.049991160000,  -2.56000,
,,,0.049991200000,  -2.56000,
,,,0.049991240000,  -2.56000,
,,,0.049991280000,  -2.56000,
,,,0.049991320000,  -2.56000,
,,,0.049991360000,  -2.64000,
,,,0.049991400000,  -2.64000,
,,,0.049991440000,  -2.56000,
,,,0.049991480000,  -2.48000,
,,,0.049991520000,  -2.56000,
,,,0.049991560000,  -2.56000,
,,,0.049991600000,  -2.64000,
,,,0.049991640000,  -2.56000,
,,,0.049991680000,  -2.48000,
,,,0.049991720000,  -2.48000,
,,,0.049991760000,  -2.48000,
,,,0.049991800000,  -2.56000,
,,,0.049991840000,  -2.48000,
,,,0.049991880000,  -2.64000,
,,,0.049991920000,  -2.48000,
,,,0.049991960000,  -2.48000,
,,,0.049992000000,  -2.48000,
,,,0.049992040000,  -2.48000,
,,,0.049992080000,  -2.64000,
,,,0.049992120000,  -2.48000,
,,,0.049992160000,  -2.64000,
,,,0.049992200000,  -2.56000,
,,,0.049992240000,  -2.56000,
,,,0.049992280000,  -2.40000,
,,,0.049992320000,  -2.64000,
,,,0.049992360000,  -2.64000,
,,,0.049992400000,  -2.56000,
,,,0.049992440000,  -2.56000,
,,,0.049992480000,  -2.48000,
,,,0.049992520000,  -2.56000,
,,,0.049992560000,  -2.48000,
,,,0.049992600000,  -2.56000,
,,,0.049992640000,  -2.48000,
,,,0.049992680000,  -2.48000,
,,,0.049992720000,  -2.56000,
,,,0.049992760000,  -2.64000,
,,,0.049992800000,  -2.48000,
,,,0.049992840000,  -2.56000,
,,,0.049992880000,  -2.48000,
,,,0.049992920000,  -2.48000,
,,,0.049992960000,  -2.56000,
,,,0.049993000000,  -2.64000,
,,,0.049993040000,  -2.56000,
,,,0.049993080000,  -2.56000,
,,,0.049993120000,  -2.64000,
,,,0.049993160000,  -2.48000,
,,,0.049993200000,  -2.56000,
,,,0.049993240000,  -2.48000,
,,,0.049993280000,  -2.56000,
,,,0.049993320000,  -2.64000,
,,,0.049993360000,  -2.56000,
,,,0.049993400000,  -2.56000,
,,,0.049993440000,  -2.48000,
,,,0.049993480000,  -2.56000,
,,,0.049993520000,  -2.56000,
,,,0.049993560000,  -2.56000,
,,,0.049993600000,  -2.48000,
,,,0.049993640000,  -2.56000,
,,,0.049993680000,  -2.56000,
,,,0.049993720000,  -2.56000,
,,,0.049993760000,  -2.56000,
,,,0.049993800000,  -2.64000,
,,,0.049993840000,  -2.56000,
,,,0.049993880000,  -2.48000,
,,,0.049993920000,  -2.48000,
,,,0.049993960000,  -2.64000,
,,,0.049994000000,  -2.48000,
,,,0.049994040000,  -2.56000,
,,,0.049994080000,  -2.56000,
,,,0.049994120000,  -2.64000,
,,,0.049994160000,  -2.48000,
,,,0.049994200000,  -2.48000,
,,,0.049994240000,  -2.56000,
,,,0.049994280000,  -2.56000,
,,,0.049994320000,  -2.56000,
,,,0.049994360000,  -2.48000,
,,,0.049994400000,  -2.56000,
,,,0.049994440000,  -2.64000,
,,,0.049994480000,  -2.48000,
,,,0.049994520000,  -2.56000,
,,,0.049994560000,  -2.64000,
,,,0.049994600000,  -2.48000,
,,,0.049994640000,  -2.56000,
,,,0.049994680000,  -2.56000,
,,,0.049994720000,  -2.64000,
,,,0.049994760000,  -2.56000,
,,,0.049994800000,  -2.48000,
,,,0.049994840000,  -2.48000,
,,,0.049994880000,  -2.56000,
,,,0.049994920000,  -2.48000,
,,,0.049994960000,  -2.56000,
,,,0.049995000000,  -2.56000,
,,,0.049995040000,  -2.56000,
,,,0.049995080000,  -2.48000,
,,,0.049995120000,  -2.48000,
,,,0.049995160000,  -2.56000,
,,,0.049995200000,  -2.48000,
,,,0.049995240000,  -2.56000,
,,,0.049995280000,  -2.56000,
,,,0.049995320000,  -2.64000,
,,,0.049995360000,  -2.56000,
,,,0.049995400000,  -2.56000,
,,,0.049995440000,  -2.48000,
,,,0.049995480000,  -2.64000,
,,,0.049995520000,  -2.40000,
,,,0.049995560000,  -2.56000,
,,,0.049995600000,  -2.48000,
,,,0.049995640000,  -2.48000,
,,,0.049995680000,  -2.48000,
,,,0.049995720000,  -2.56000,
,,,0.049995760000,  -2.56000,
,,,0.049995800000,  -2.56000,
,,,0.049995840000,  -2.56000,
,,,0.049995880000,  -2.48000,
,,,0.049995920000,  -2.64000,
,,,0.049995960000,  -2.56000,
,,,0.049996000000,  -2.56000,
,,,0.049996040000,  -2.64000,
,,,0.049996080000,  -2.56000,
,,,0.049996120000,  -2.56000,
,,,0.049996160000,  -2.64000,
,,,0.049996200000,  -2.48000,
,,,0.049996240000,  -2.48000,
,,,0.049996280000,  -2.56000,
,,,0.049996320000,  -2.56000,
,,,0.049996360000,  -2.56000,
,,,0.049996400000,  -2.56000,
,,,0.049996440000,  -2.48000,
,,,0.049996480000,  -2.56000,
,,,0.049996520000,  -2.48000,
,,,0.049996560000,  -2.56000,
,,,0.049996600000,  -2.56000,
,,,0.049996640000,  -2.48000,
,,,0.049996680000,  -2.56000,
,,,0.049996720000,  -2.48000,
,,,0.049996760000,  -2.56000,
,,,0.049996800000,  -2.56000,
,,,0.049996840000,  -2.48000,
,,,0.049996880000,  -2.48000,
,,,0.049996920000,  -2.56000,
,,,0.049996960000,  -2.56000,
,,,0.049997000000,  -2.56000,
,,,0.049997040000,  -2.48000,
,,,0.049997080000,  -2.64000,
,,,0.049997120000,  -2.56000,
,,,0.049997160000,  -2.56000,
,,,0.049997200000,  -2.48000,
,,,0.049997240000,  -2.56000,
,,,0.049997280000,  -2.56000,
,,,0.049997320000,  -2.56000,
,,,0.049997360000,  -2.48000,
,,,0.049997400000,  -2.48000,
,,,0.049997440000,  -2.64000,
,,,0.049997480000,  -2.48000,
,,,0.049997520000,  -2.56000,
,,,0.049997560000,  -2.48000,
,,,0.049997600000,  -2.56000,
,,,0.049997640000,  -2.48000,
,,,0.049997680000,  -2.56000,
,,,0.049997720000,  -2.56000,
,,,0.049997760000,  -2.56000,
,,,0.049997800000,  -2.48000,
,,,0.049997840000,  -2.48000,
,,,0.049997880000,  -2.48000,
,,,0.049997920000,  -2.56000,
,,,0.049997960000,  -2.56000,
,,,0.049998000000,  -2.56000,
,,,0.049998040000,  -2.56000,
,,,0.049998080000,  -2.56000,
,,,0.049998120000,  -2.56000,
,,,0.049998160000,  -2.56000,
,,,0.049998200000,  -2.56000,
,,,0.049998240000,  -2.56000,
,,,0.049998280000,  -2.48000,
,,,0.049998320000,  -2.48000,
,,,0.049998360000,  -2.56000,
,,,0.049998400000,  -2.56000,
,,,0.049998440000,  -2.56000,
,,,0.049998480000,  -2.56000,
,,,0.049998520000,  -2.56000,
,,,0.049998560000,  -2.56000,
,,,0.049998600000,  -2.56000,
,,,0.049998640000,  -2.56000,
,,,0.049998680000,  -2.48000,
,,,0.049998720000,  -2.48000,
,,,0.049998760000,  -2.48000,
,,,0.049998800000,  -2.48000,
,,,0.049998840000,  -2.56000,
,,,0.049998880000,  -2.56000,
,,,0.049998920000,  -2.48000,
,,,0.049998960000,  -2.56000,
,,,0.049999000000,  -2.56000,
,,,0.049999040000,  -2.56000,
,,,0.049999080000,  -2.48000,
,,,0.049999120000,  -2.56000,
,,,0.049999160000,  -2.48000,
,,,0.049999200000,  -2.56000,
,,,0.049999240000,  -2.48000,
,,,0.049999280000,  -2.56000,
,,,0.049999320000,  -2.48000,
,,,0.049999360000,  -2.56000,
,,,0.049999400000,  -2.48000,
,,,0.049999440000,  -2.64000,
,,,0.049999480000,  -2.56000,
,,,0.049999520000,  -2.64000,
,,,0.049999560000,  -2.48000,
,,,0.049999600000,  -2.56000,
,,,0.049999640000,  -2.48000,
,,,0.049999680000,  -2.48000,
,,,0.049999720000,   2.00000,
,,,0.049999760000,   2.56000,
,,,0.049999800000,   2.48000,
,,,0.049999840000,   2.40000,
,,,0.049999880000,   2.40000,
,,,0.049999920000,   2.48000,
,,,0.049999960000,   2.56000,
,,,0.050000000000,   2.40000,
,,,0.050000040000,   2.48000,
,,,0.050000080000,   2.56000,
,,,0.050000120000,   2.40000,
,,,0.050000160000,   2.40000,
,,,0.050000200000,   2.32000,
,,,0.050000240000,   2.40000,
,,,0.050000280000,   2.40000,
,,,0.050000320000,   2.32000,
,,,0.050000360000,   2.32000,
,,,0.050000400000,   2.40000,
,,,0.050000440000,   2.40000,
,,,0.050000480000,   2.48000,
,,,0.050000520000,   2.40000,
,,,0.050000560000,   2.48000,
,,,0.050000600000,   2.40000,
,,,0.050000640000,   2.40000,
,,,0.050000680000,   2.48000,
,,,0.050000720000,   2.40000,
,,,0.050000760000,   2.32000,
,,,0.050000800000,   2.40000,
,,,0.050000840000,   2.40000,
,,,0.050000880000,   2.48000,
,,,0.050000920000,   2.40000,
,,,0.050000960000,   2.48000,
,,,0.050001000000,   2.40000,
,,,0.050001040000,   2.40000,
,,,0.050001080000,   2.40000,
,,,0.050001120000,   2.40000,
,,,0.050001160000,   2.48000,
,,,0.050001200000,   2.48000,
,,,0.050001240000,   2.32000,
,,,0.050001280000,   2.40000,
,,,0.050001320000,   2.40000,
,,,0.050001360000,   2.40000,
,,,0.050001400000,   2.40000,
,,,0.050001440000,   2.40000,
,,,0.050001480000,   2.40000,
,,,0.050001520000,   2.48000,
,,,0.050001560000,   2.40000,
,,,0.050001600000,   2.40000,
,,,0.050001640000,   2.48000,
,,,0.050001680000,   2.40000,
,,,0.050001720000,   2.40000,
,,,0.050001760000,   2.48000,
,,,0.050001800000,   2.40000,
,,,0.050001840000,   2.32000,
,,,0.050001880000,   2.40000,
,,,0.050001920000,   2.48000,
,,,0.050001960000,   2.48000,
,,,0.050002000000,   2.48000,
,,,0.050002040000,   2.40000,
,,,0.050002080000,   2.40000,
,,,0.050002120000,   2.32000,
,,,0.050002160000,   2.48000,
,,,0.050002200000,   2.32000,
,,,0.050002240000,   2.40000,
,,,0.050002280000,   2.48000,
,,,0.050002320000,   2.40000,
,,,0.050002360000,   2.40000,
,,,0.050002400000,   2.40000,
,,,0.050002440000,   2.40000,
,,,0.050002480000,   2.40000,
,,,0.050002520000,   2.40000,
,,,0.050002560000,   2.40000,
,,,0.050002600000,   2.48000,
,,,0.050002640000,   2.48000,
,,,0.050002680000,   2.40000,
,,,0.050002720000,   2.48000,
,,,0.050002760000,   2.48000,
,,,0.050002800000,   2.40000,
,,,0.050002840000,   2.48000,
,,,0.050002880000,   2.32000,
,,,0.050002920000,   2.40000,
,,,0.050002960000,   2.40000,
,,,0.050003000000,   2.40000,
,,,0.050003040000,   2.48000,
,,,0.050003080000,   2.48000,
,,,0.050003120000,   2.40000,
,,,0.050003160000,   2.40000,
,,,0.050003200000,   2.40000,
,,,0.050003240000,   2.40000,
,,,0.050003280000,   2.40000,
,,,0.050003320000,   2.48000,
,,,0.050003360000,   2.40000,
,,,0.050003400000,   2.48000,
,,,0.050003440000,   2.40000,
,,,0.050003480000,   2.40000,
,,,0.050003520000,   2.40000,
,,,0.050003560000,   2.40000,
,,,0.050003600000,   2.40000,
,,,0.050003640000,   2.40000,
,,,0.050003680000,   2.32000,
,,,0.050003720000,   2.48000,
,,,0.050003760000,   2.48000,
,,,0.050003800000,   2.48000,
,,,0.050003840000,   2.40000,
,,,0.050003880000,   2.32000,
,,,0.050003920000,   2.40000,
,,,0.050003960000,   2.48000,
,,,0.050004000000,   2.48000,
,,,0.050004040000,   2.48000,
,,,0.050004080000,   2.40000,
,,,0.050004120000,   2.40000,
,,,0.050004160000,   2.40000,
,,,0.050004200000,   2.48000,
,,,0.050004240000,   2.40000,
,,,0.050004280000,   2.48000,
,,,0.050004320000,   2.48000,
,,,0.050004360000,   2.48000,
,,,0.050004400000,   2.48000,
,,,0.050004440000,   2.40000,
,,,0.050004480000,   2.32000,
,,,0.050004520000,   2.40000,
,,,0.050004560000,   2.40000,
,,,0.050004600000,   2.48000,
,,,0.050004640000,   2.48000,
,,,0.050004680000,   2.40000,
,,,0.050004720000,   2.40000,
,,,0.050004760000,   2.56000,
,,,0.050004800000,   2.40000,
,,,0.050004840000,   2.48000,
,,,0.050004880000,   2.40000,
,,,0.050004920000,   2.40000,
,,,0.050004960000,   2.40000,
,,,0.050005000000,   2.40000,
,,,0.050005040000,   2.48000,
,,,0.050005080000,   2.40000,
,,,0.050005120000,   2.48000,
,,,0.050005160000,   2.48000,
,,,0.050005200000,   2.40000,
,,,0.050005240000,   2.48000,
,,,0.050005280000,   2.48000,
,,,0.050005320000,   2.48000,
,,,0.050005360000,   2.40000,
,,,0.050005400000,   2.40000,
,,,0.050005440000,   2.48000,
,,,0.050005480000,   2.48000,
,,,0.050005520000,   2.48000,
,,,0.050005560000,   2.48000,
,,,0.050005600000,   2.48000,
,,,0.050005640000,   2.48000,
,,,0.050005680000,   2.48000,
,,,0.050005720000,   2.40000,
,,,0.050005760000,   2.40000,
,,,0.050005800000,   2.40000,
,,,0.050005840000,   2.40000,
,,,0.050005880000,   2.40000,
,,,0.050005920000,   2.40000,
,,,0.050005960000,   2.40000,
,,,0.050006000000,   2.48000,
,,,0.050006040000,   2.48000,
,,,0.050006080000,   2.40000,
,,,0.050006120000,   2.40000,
,,,0.050006160000,   2.48000,
,,,0.050006200000,   2.40000,
,,,0.050006240000,   2.40000,
,,,0.050006280000,   2.40000,
,,,0.050006320000,   2.40000,
,,,0.050006360000,   2.40000,
,,,0.050006400000,   2.40000,
,,,0.050006440000,   2.40000,
,,,0.050006480000,   2.40000,
,,,0.050006520000,   2.48000,
,,,0.050006560000,   2.48000,
,,,0.050006600000,   2.40000,
,,,0.050006640000,   2.40000,
,,,0.050006680000,   2.48000,
,,,0.050006720000,   2.48000,
,,,0.050006760000,   2.32000,
,,,0.050006800000,   2.48000,
,,,0.050006840000,   2.40000,
,,,0.050006880000,   2.48000,
,,,0.050006920000,   2.48000,
,,,0.050006960000,   2.48000,
,,,0.050007000000,   2.48000,
,,,0.050007040000,   2.48000,
,,,0.050007080000,   2.48000,
,,,0.050007120000,   2.40000,
,,,0.050007160000,   2.48000,
,,,0.050007200000,   2.48000,
,,,0.050007240000,   2.48000,
,,,0.050007280000,   2.40000,
,,,0.050007320000,   2.40000,
,,,0.050007360000,   2.40000,
,,,0.050007400000,   2.40000,
,,,0.050007440000,   2.40000,
,,,0.050007480000,   2.40000,
,,,0.050007520000,   2.40000,
,,,0.050007560000,   2.40000,
,,,0.050007600000,   2.40000,
,,,0.050007640000,   2.48000,
,,,0.050007680000,   2.48000,
,,,0.050007720000,   2.40000,
,,,0.050007760000,   2.40000,
,,,0.050007800000,   2.48000,
,,,0.050007840000,   2.40000,
,,,0.050007880000,   2.48000,
,,,0.050007920000,   2.32000,
,,,0.050007960000,   2.48000,
,,,0.050008000000,   2.48000,
,,,0.050008040000,   2.48000,
,,,0.050008080000,   2.40000,
,,,0.050008120000,   2.48000,
,,,0.050008160000,   2.40000,
,,,0.050008200000,   2.48000,
,,,0.050008240000,   2.48000,
,,,0.050008280000,   2.40000,
,,,0.050008320000,   2.40000,
,,,0.050008360000,   2.40000,
,,,0.050008400000,   2.40000,
,,,0.050008440000,   2.48000,
,,,0.050008480000,   2.48000,
,,,0.050008520000,   2.40000,
,,,0.050008560000,   2.48000,
,,,0.050008600000,   2.56000,
,,,0.050008640000,   2.40000,
,,,0.050008680000,   2.56000,
,,,0.050008720000,   2.40000,
,,,0.050008760000,   2.48000,
,,,0.050008800000,   2.40000,
,,,0.050008840000,   2.48000,
,,,0.050008880000,   2.48000,
,,,0.050008920000,   2.48000,
,,,0.050008960000,   2.40000,
,,,0.050009000000,   2.40000,
,,,0.050009040000,   2.48000,
,,,0.050009080000,   2.48000,
,,,0.050009120000,   2.48000,
,,,0.050009160000,   2.48000,
,,,0.050009200000,   2.48000,
,,,0.050009240000,   2.48000,
,,,0.050009280000,   2.48000,
,,,0.050009320000,   2.48000,
,,,0.050009360000,   2.48000,
,,,0.050009400000,   2.40000,
,,,0.050009440000,   2.40000,
,,,0.050009480000,   2.48000,
,,,0.050009520000,   2.40000,
,,,0.050009560000,   2.56000,
,,,0.050009600000,   2.48000,
,,,0.050009640000,   2.40000,
,,,0.050009680000,   2.48000,
,,,0.050009720000,   2.48000,
,,,0.050009760000,   2.40000,
,,,0.050009800000,   2.48000,
,,,0.050009840000,   2.48000,
,,,0.050009880000,   2.48000,
,,,0.050009920000,   2.40000,
,,,0.050009960000,   2.48000,
,,,0.050010000000,   2.48000,
,,,0.050010040000,   2.56000,
,,,0.050010080000,   2.48000,
,,,0.050010120000,   2.40000,
,,,0.050010160000,   2.40000,
,,,0.050010200000,   2.48000,
,,,0.050010240000,   2.48000,
,,,0.050010280000,   2.48000,
,,,0.050010320000,   2.40000,
,,,0.050010360000,   2.40000,
,,,0.050010400000,   2.40000,
,,,0.050010440000,   2.32000,
,,,0.050010480000,   2.40000,
,,,0.050010520000,   2.48000,
,,,0.050010560000,   2.40000,
,,,0.050010600000,   2.40000,
,,,0.050010640000,   2.56000,
,,,0.050010680000,   2.40000,
,,,0.050010720000,   2.40000,
,,,0.050010760000,   2.40000,
,,,0.050010800000,   2.48000,
,,,0.050010840000,   2.40000,
,,,0.050010880000,   2.56000,
,,,0.050010920000,   2.48000,
,,,0.050010960000,   2.48000,
,,,0.050011000000,   2.56000,
,,,0.050011040000,   2.48000,
,,,0.050011080000,   2.40000,
,,,0.050011120000,   2.48000,
,,,0.050011160000,   2.48000,
,,,0.050011200000,   2.40000,
,,,0.050011240000,   2.48000,
,,,0.050011280000,   2.48000,
,,,0.050011320000,   2.48000,
,,,0.050011360000,   2.40000,
,,,0.050011400000,   2.40000,
,,,0.050011440000,   2.40000,
,,,0.050011480000,   2.40000,
,,,0.050011520000,   2.48000,
,,,0.050011560000,   2.48000,
,,,0.050011600000,   2.40000,
,,,0.050011640000,   2.40000,
,,,0.050011680000,   2.48000,
,,,0.050011720000,   2.48000,
,,,0.050011760000,   2.40000,
,,,0.050011800000,   2.40000,
,,,0.050011840000,   2.48000,
,,,0.050011880000,   2.40000,
,,,0.050011920000,   2.40000,
,,,0.050011960000,   2.48000,
,,,0.050012000000,   2.48000,
,,,0.050012040000,   2.48000,
,,,0.050012080000,   2.56000,
,,,0.050012120000,   2.48000,
,,,0.050012160000,   2.48000,
,,,0.050012200000,   2.56000,
,,,0.050012240000,   2.48000,
,,,0.050012280000,   2.48000,
,,,0.050012320000,   2.48000,
,,,0.050012360000,   2.40000,
,,,0.050012400000,   2.40000,
,,,0.050012440000,   2.48000,
,,,0.050012480000,   2.56000,
,,,0.050012520000,   2.48000,
,,,0.050012560000,   2.48000,
,,,0.050012600000,   2.48000,
,,,0.050012640000,   2.48000,
,,,0.050012680000,   2.48000,
,,,0.050012720000,   2.48000,
,,,0.050012760000,   2.48000,
,,,0.050012800000,   2.48000,
,,,0.050012840000,   2.48000,
,,,0.050012880000,   2.56000,
,,,0.050012920000,   2.40000,
,,,0.050012960000,   2.48000,
,,,0.050013000000,   2.40000,
,,,0.050013040000,   2.40000,
,,,0.050013080000,   2.40000,
,,,0.050013120000,   2.48000,
,,,0.050013160000,   2.40000,
,,,0.050013200000,   2.56000,
,,,0.050013240000,   2.56000,
,,,0.050013280000,   2.48000,
,,,0.050013320000,   2.48000,
,,,0.050013360000,   2.40000,
,,,0.050013400000,   2.40000,
,,,0.050013440000,   2.48000,
,,,0.050013480000,   2.40000,
,,,0.050013520000,   2.56000,
,,,0.050013560000,   2.40000,
,,,0.050013600000,   2.48000,
,,,0.050013640000,   2.48000,
,,,0.050013680000,   2.40000,
,,,0.050013720000,   2.48000,
,,,0.050013760000,   2.48000,
,,,0.050013800000,   2.48000,
,,,0.050013840000,   2.48000,
,,,0.050013880000,   2.40000,
,,,0.050013920000,   2.40000,
,,,0.050013960000,   2.40000,
,,,0.050014000000,   2.40000,
,,,0.050014040000,   2.48000,
,,,0.050014080000,   2.48000,
,,,0.050014120000,   2.40000,
,,,0.050014160000,   2.48000,
,,,0.050014200000,   2.40000,
,,,0.050014240000,   2.48000,
,,,0.050014280000,   2.48000,
,,,0.050014320000,   2.48000,
,,,0.050014360000,   2.48000,
,,,0.050014400000,   2.40000,
,,,0.050014440000,   2.40000,
,,,0.050014480000,   2.48000,
,,,0.050014520000,   2.48000,
,,,0.050014560000,   2.56000,
,,,0.050014600000,   2.40000,
,,,0.050014640000,   2.48000,
,,,0.050014680000,   2.48000,
,,,0.050014720000,   2.40000,
,,,0.050014760000,   2.40000,
,,,0.050014800000,   2.48000,
,,,0.050014840000,   2.48000,
,,,0.050014880000,   2.48000,
,,,0.050014920000,   2.40000,
,,,0.050014960000,   2.56000,
,,,0.050015000000,   2.48000,
,,,0.050015040000,   2.48000,
,,,0.050015080000,   2.40000,
,,,0.050015120000,   2.48000,
,,,0.050015160000,   2.40000,
,,,0.050015200000,   2.48000,
,,,0.050015240000,   2.48000,
,,,0.050015280000,   2.40000,
,,,0.050015320000,   2.40000,
,,,0.050015360000,   2.32000,
,,,0.050015400000,   2.48000,
,,,0.050015440000,   2.48000,
,,,0.050015480000,   2.48000,
,,,0.050015520000,   2.48000,
,,,0.050015560000,   2.40000,
,,,0.050015600000,   2.56000,
,,,0.050015640000,   2.48000,
,,,0.050015680000,   2.48000,
,,,0.050015720000,   2.40000,
,,,0.050015760000,   2.48000,
,,,0.050015800000,   2.48000,
,,,0.050015840000,   2.40000,
,,,0.050015880000,   2.40000,
,,,0.050015920000,   2.56000,
,,,0.050015960000,   2.48000,
,,,0.050016000000,   2.56000,
,,,0.050016040000,   2.40000,
,,,0.050016080000,   2.56000,
,,,0.050016120000,   2.48000,
,,,0.050016160000,   2.40000,
,,,0.050016200000,   2.48000,
,,,0.050016240000,   2.48000,
,,,0.050016280000,   2.48000,
,,,0.050016320000,   2.40000,
,,,0.050016360000,   2.40000,
,,,0.050016400000,   2.56000,
,,,0.050016440000,   2.56000,
,,,0.050016480000,   2.40000,
,,,0.050016520000,   2.48000,
,,,0.050016560000,   2.48000,
,,,0.050016600000,   2.40000,
,,,0.050016640000,   2.48000,
,,,0.050016680000,   2.48000,
,,,0.050016720000,   2.48000,
,,,0.050016760000,   2.40000,
,,,0.050016800000,   2.48000,
,,,0.050016840000,   2.40000,
,,,0.050016880000,   2.40000,
,,,0.050016920000,   2.48000,
,,,0.050016960000,   2.40000,
,,,0.050017000000,   2.48000,
,,,0.050017040000,   2.48000,
,,,0.050017080000,   2.40000,
,,,0.050017120000,   2.48000,
,,,0.050017160000,   2.56000,
,,,0.050017200000,   2.40000,
,,,0.050017240000,   2.48000,
,,,0.050017280000,   2.48000,
,,,0.050017320000,   2.40000,
,,,0.050017360000,   2.48000,
,,,0.050017400000,   2.48000,
,,,0.050017440000,   2.48000,
,,,0.050017480000,   2.56000,
,,,0.050017520000,   2.48000,
,,,0.050017560000,   2.56000,
,,,0.050017600000,   2.48000,
,,,0.050017640000,   2.48000,
,,,0.050017680000,   2.48000,
,,,0.050017720000,   2.40000,
,,,0.050017760000,   2.56000,
,,,0.050017800000,   2.48000,
,,,0.050017840000,   2.48000,
,,,0.050017880000,   2.40000,
,,,0.050017920000,   2.40000,
,,,0.050017960000,   2.48000,
,,,0.050018000000,   2.40000,
,,,0.050018040000,   2.48000,
,,,0.050018080000,   2.48000,
,,,0.050018120000,   2.48000,
,,,0.050018160000,   2.48000,
,,,0.050018200000,   2.56000,
,,,0.050018240000,   2.48000,
,,,0.050018280000,   2.48000,
,,,0.050018320000,   2.40000,
,,,0.050018360000,   2.40000,
,,,0.050018400000,   2.48000,
,,,0.050018440000,   2.48000,
,,,0.050018480000,   2.40000,
,,,0.050018520000,   2.40000,
,,,0.050018560000,   2.40000,
,,,0.050018600000,   2.48000,
,,,0.050018640000,   2.48000,
,,,0.050018680000,   2.40000,
,,,0.050018720000,   2.48000,
,,,0.050018760000,   2.48000,
,,,0.050018800000,   2.48000,
,,,0.050018840000,   2.48000,
,,,0.050018880000,   2.40000,
,,,0.050018920000,   2.56000,
,,,0.050018960000,   2.40000,
,,,0.050019000000,   2.40000,
,,,0.050019040000,   2.48000,
,,,0.050019080000,   2.48000,
,,,0.050019120000,   2.40000,
,,,0.050019160000,   2.40000,
,,,0.050019200000,   2.48000,
,,,0.050019240000,   2.48000,
,,,0.050019280000,   2.40000,
,,,0.050019320000,   2.48000,
,,,0.050019360000,   2.40000,
,,,0.050019400000,   2.40000,
,,,0.050019440000,   2.48000,
,,,0.050019480000,   2.48000,
,,,0.050019520000,   2.48000,
,,,0.050019560000,   2.48000,
,,,0.050019600000,   2.48000,
,,,0.050019640000,   2.48000,
,,,0.050019680000,   2.40000,
,,,0.050019720000,   2.40000,
,,,0.050019760000,   2.40000,
,,,0.050019800000,   2.48000,
,,,0.050019840000,   2.40000,
,,,0.050019880000,   2.32000,
,,,0.050019920000,   2.48000,
,,,0.050019960000,   2.56000,
,,,0.050020000000,   2.32000,
,,,0.050020040000,   2.48000,
,,,0.050020080000,   2.40000,
,,,0.050020120000,   2.40000,
,,,0.050020160000,   2.48000,
,,,0.050020200000,   2.40000,
,,,0.050020240000,   2.40000,
,,,0.050020280000,   2.40000,
,,,0.050020320000,   2.40000,
,,,0.050020360000,   2.48000,
,,,0.050020400000,   2.48000,
,,,0.050020440000,   2.48000,
,,,0.050020480000,   2.48000,
,,,0.050020520000,   2.48000,
,,,0.050020560000,   2.48000,
,,,0.050020600000,   2.48000,
,,,0.050020640000,   2.48000,
,,,0.050020680000,   2.32000,
,,,0.050020720000,   2.48000,
,,,0.050020760000,   2.48000,
,,,0.050020800000,   2.48000,
,,,0.050020840000,   2.40000,
,,,0.050020880000,   2.48000,
,,,0.050020920000,   2.48000,
,,,0.050020960000,   2.48000,
,,,0.050021000000,   2.40000,
,,,0.050021040000,   2.48000,
,,,0.050021080000,   2.48000,
,,,0.050021120000,   2.56000,
,,,0.050021160000,   2.48000,
,,,0.050021200000,   2.48000,
,,,0.050021240000,   2.48000,
,,,0.050021280000,   2.48000,
,,,0.050021320000,   2.40000,
,,,0.050021360000,   2.40000,
,,,0.050021400000,   2.40000,
,,,0.050021440000,   2.48000,
,,,0.050021480000,   2.48000,
,,,0.050021520000,   2.56000,
,,,0.050021560000,   2.48000,
,,,0.050021600000,   2.40000,
,,,0.050021640000,   2.40000,
,,,0.050021680000,   2.48000,
,,,0.050021720000,   2.48000,
,,,0.050021760000,   2.48000,
,,,0.050021800000,   2.48000,
,,,0.050021840000,   2.40000,
,,,0.050021880000,   2.40000,
,,,0.050021920000,   2.48000,
,,,0.050021960000,   2.40000,
,,,0.050022000000,   2.40000,
,,,0.050022040000,   2.40000,
,,,0.050022080000,   2.48000,
,,,0.050022120000,   2.40000,
,,,0.050022160000,   2.48000,
,,,0.050022200000,   2.40000,
,,,0.050022240000,   2.40000,
,,,0.050022280000,   2.48000,
,,,0.050022320000,   2.40000,
,,,0.050022360000,   2.48000,
,,,0.050022400000,   2.48000,
,,,0.050022440000,   2.40000,
,,,0.050022480000,   2.48000,
,,,0.050022520000,   2.48000,
,,,0.050022560000,   2.48000,
,,,0.050022600000,   2.40000,
,,,0.050022640000,   2.48000,
,,,0.050022680000,   2.48000,
,,,0.050022720000,   2.40000,
,,,0.050022760000,   2.40000,
,,,0.050022800000,   2.48000,
,,,0.050022840000,   2.48000,
,,,0.050022880000,   2.56000,
,,,0.050022920000,   2.40000,
,,,0.050022960000,   2.40000,
,,,0.050023000000,   2.48000,
,,,0.050023040000,   2.48000,
,,,0.050023080000,   2.40000,
,,,0.050023120000,   2.48000,
,,,0.050023160000,   2.48000,
,,,0.050023200000,   2.48000,
,,,0.050023240000,   2.40000,
,,,0.050023280000,   2.40000,
,,,0.050023320000,   2.40000,
,,,0.050023360000,   2.48000,
,,,0.050023400000,   2.48000,
,,,0.050023440000,   2.40000,
,,,0.050023480000,   2.40000,
,,,0.050023520000,   2.48000,
,,,0.050023560000,   2.56000,
,,,0.050023600000,   2.40000,
,,,0.050023640000,   2.48000,
,,,0.050023680000,   2.40000,
,,,0.050023720000,   2.40000,
,,,0.050023760000,   2.40000,
,,,0.050023800000,   2.48000,
,,,0.050023840000,   2.48000,
,,,0.050023880000,   2.48000,
,,,0.050023920000,   2.56000,
,,,0.050023960000,   2.40000,
,,,0.050024000000,   2.48000,
,,,0.050024040000,   2.48000,
,,,0.050024080000,   2.40000,
,,,0.050024120000,   2.56000,
,,,0.050024160000,   2.56000,
,,,0.050024200000,   2.48000,
,,,0.050024240000,   2.48000,
,,,0.050024280000,   2.48000,
,,,0.050024320000,   2.48000,
,,,0.050024360000,   2.48000,
,,,0.050024400000,   2.40000,
,,,0.050024440000,   2.40000,
,,,0.050024480000,   2.48000,
,,,0.050024520000,   2.48000,
,,,0.050024560000,   2.48000,
,,,0.050024600000,   2.48000,
,,,0.050024640000,   2.48000,
,,,0.050024680000,   2.40000,
,,,0.050024720000,   2.48000,
,,,0.050024760000,   2.48000,
,,,0.050024800000,   2.40000,
,,,0.050024840000,   2.48000,
,,,0.050024880000,   2.48000,
,,,0.050024920000,   2.48000,
,,,0.050024960000,   2.48000,
,,,0.050025000000,   2.48000,
,,,0.050025040000,   2.48000,
,,,0.050025080000,   2.48000,
,,,0.050025120000,   2.48000,
,,,0.050025160000,   2.48000,
,,,0.050025200000,   2.56000,
,,,0.050025240000,   2.48000,
,,,0.050025280000,   2.40000,
,,,0.050025320000,   2.48000,
,,,0.050025360000,   2.40000,
,,,0.050025400000,   2.56000,
,,,0.050025440000,   2.40000,
,,,0.050025480000,   2.48000,
,,,0.050025520000,   2.48000,
,,,0.050025560000,   2.48000,
,,,0.050025600000,   2.48000,
,,,0.050025640000,   2.40000,
,,,0.050025680000,   2.56000,
,,,0.050025720000,   2.40000,
,,,0.050025760000,   2.48000,
,,,0.050025800000,   2.40000,
,,,0.050025840000,   2.40000,
,,,0.050025880000,   2.48000,
,,,0.050025920000,   2.48000,
,,,0.050025960000,   2.40000,
,,,0.050026000000,   2.40000,
,,,0.050026040000,   2.40000,
,,,0.050026080000,   2.40000,
,,,0.050026120000,   2.40000,
,,,0.050026160000,   2.48000,
,,,0.050026200000,   2.48000,
,,,0.050026240000,   2.40000,
,,,0.050026280000,   2.48000,
,,,0.050026320000,   2.48000,
,,,0.050026360000,   2.48000,
,,,0.050026400000,   2.40000,
,,,0.050026440000,   2.48000,
,,,0.050026480000,   2.48000,
,,,0.050026520000,   2.40000,
,,,0.050026560000,   2.40000,
,,,0.050026600000,   2.40000,
,,,0.050026640000,   2.40000,
,,,0.050026680000,   2.40000,
,,,0.050026720000,   2.40000,
,,,0.050026760000,   2.48000,
,,,0.050026800000,   2.40000,
,,,0.050026840000,   2.56000,
,,,0.050026880000,   2.56000,
,,,0.050026920000,   2.40000,
,,,0.050026960000,   2.48000,
,,,0.050027000000,   2.40000,
,,,0.050027040000,   2.48000,
,,,0.050027080000,   2.40000,
,,,0.050027120000,   2.48000,
,,,0.050027160000,   2.48000,
,,,0.050027200000,   2.32000,
,,,0.050027240000,   2.48000,
,,,0.050027280000,   2.48000,
,,,0.050027320000,   2.40000,
,,,0.050027360000,   2.48000,
,,,0.050027400000,   2.48000,
,,,0.050027440000,   2.48000,
,,,0.050027480000,   2.40000,
,,,0.050027520000,   2.48000,
,,,0.050027560000,   2.48000,
,,,0.050027600000,   2.40000,
,,,0.050027640000,   2.40000,
,,,0.050027680000,   2.48000,
,,,0.050027720000,   2.48000,
,,,0.050027760000,   2.48000,
,,,0.050027800000,   2.40000,
,,,0.050027840000,   2.48000,
,,,0.050027880000,   2.40000,
,,,0.050027920000,   2.48000,
,,,0.050027960000,   2.40000,
,,,0.050028000000,   2.40000,
,,,0.050028040000,   2.48000,
,,,0.050028080000,   2.48000,
,,,0.050028120000,   2.48000,
,,,0.050028160000,   2.48000,
,,,0.050028200000,   2.48000,
,,,0.050028240000,   2.48000,
,,,0.050028280000,   2.48000,
,,,0.050028320000,   2.48000,
,,,0.050028360000,   2.48000,
,,,0.050028400000,   2.48000,
,,,0.050028440000,   2.40000,
,,,0.050028480000,   2.48000,
,,,0.050028520000,   2.48000,
,,,0.050028560000,   2.48000,
,,,0.050028600000,   2.40000,
,,,0.050028640000,   2.48000,
,,,0.050028680000,   2.48000,
,,,0.050028720000,   2.48000,
,,,0.050028760000,   2.40000,
,,,0.050028800000,   2.48000,
,,,0.050028840000,   2.40000,
,,,0.050028880000,   2.40000,
,,,0.050028920000,   2.40000,
,,,0.050028960000,   2.48000,
,,,0.050029000000,   2.40000,
,,,0.050029040000,   2.48000,
,,,0.050029080000,   2.40000,
,,,0.050029120000,   2.48000,
,,,0.050029160000,   2.40000,
,,,0.050029200000,   2.48000,
,,,0.050029240000,   2.48000,
,,,0.050029280000,   2.40000,
,,,0.050029320000,   2.40000,
,,,0.050029360000,   2.40000,
,,,0.050029400000,   2.48000,
,,,0.050029440000,   2.48000,
,,,0.050029480000,   2.48000,
,,,0.050029520000,   2.40000,
,,,0.050029560000,   2.40000,
,,,0.050029600000,   2.40000,
,,,0.050029640000,   2.48000,
,,,0.050029680000,   2.40000,
,,,0.050029720000,   2.48000,
,,,0.050029760000,   2.48000,
,,,0.050029800000,   2.48000,
,,,0.050029840000,   2.56000,
,,,0.050029880000,   2.48000,
,,,0.050029920000,   2.40000,
,,,0.050029960000,   2.40000,
,,,0.050030000000,   2.48000,
,,,0.050030040000,   2.48000,
,,,0.050030080000,   2.48000,
,,,0.050030120000,   2.48000,
,,,0.050030160000,   2.40000,
,,,0.050030200000,   2.40000,
,,,0.050030240000,   2.40000,
,,,0.050030280000,   2.40000,
,,,0.050030320000,   2.48000,
,,,0.050030360000,   2.48000,
,,,0.050030400000,   2.48000,
,,,0.050030440000,   2.48000,
,,,0.050030480000,   2.56000,
,,,0.050030520000,   2.48000,
,,,0.050030560000,   2.40000,
,,,0.050030600000,   2.40000,
,,,0.050030640000,   2.40000,
,,,0.050030680000,   2.48000,
,,,0.050030720000,   2.48000,
,,,0.050030760000,   2.48000,
,,,0.050030800000,   2.40000,
,,,0.050030840000,   2.48000,
,,,0.050030880000,   2.40000,
,,,0.050030920000,   2.56000,
,,,0.050030960000,   2.40000,
,,,0.050031000000,   2.48000,
,,,0.050031040000,   2.48000,
,,,0.050031080000,   2.48000,
,,,0.050031120000,   2.48000,
,,,0.050031160000,   2.40000,
,,,0.050031200000,   2.48000,
,,,0.050031240000,   2.48000,
,,,0.050031280000,   2.40000,
,,,0.050031320000,   2.40000,
,,,0.050031360000,   2.48000,
,,,0.050031400000,   2.40000,
,,,0.050031440000,   2.48000,
,,,0.050031480000,   2.48000,
,,,0.050031520000,   2.48000,
,,,0.050031560000,   2.48000,
,,,0.050031600000,   2.48000,
,,,0.050031640000,   2.48000,
,,,0.050031680000,   2.40000,
,,,0.050031720000,   2.48000,
,,,0.050031760000,   2.48000,
,,,0.050031800000,   2.48000,
,,,0.050031840000,   2.48000,
,,,0.050031880000,   2.40000,
,,,0.050031920000,   2.48000,
,,,0.050031960000,   2.48000,
,,,0.050032000000,   2.40000,
,,,0.050032040000,   2.48000,
,,,0.050032080000,   2.40000,
,,,0.050032120000,   2.48000,
,,,0.050032160000,   2.40000,
,,,0.050032200000,   2.32000,
,,,0.050032240000,   2.48000,
,,,0.050032280000,   2.40000,
,,,0.050032320000,   2.48000,
,,,0.050032360000,   2.48000,
,,,0.050032400000,   2.40000,
,,,0.050032440000,   2.48000,
,,,0.050032480000,   2.48000,
,,,0.050032520000,   2.40000,
,,,0.050032560000,   2.40000,
,,,0.050032600000,   2.48000,
,,,0.050032640000,   2.48000,
,,,0.050032680000,   2.56000,
,,,0.050032720000,   2.48000,
,,,0.050032760000,   2.48000,
,,,0.050032800000,   2.48000,
,,,0.050032840000,   2.48000,
,,,0.050032880000,   2.48000,
,,,0.050032920000,   2.40000,
,,,0.050032960000,   2.40000,
,,,0.050033000000,   2.48000,
,,,0.050033040000,   2.40000,
,,,0.050033080000,   2.56000,
,,,0.050033120000,   2.48000,
,,,0.050033160000,   2.40000,
,,,0.050033200000,   2.48000,
,,,0.050033240000,   2.40000,
,,,0.050033280000,   2.40000,
,,,0.050033320000,   2.48000,
,,,0.050033360000,   2.48000,
,,,0.050033400000,   2.40000,
,,,0.050033440000,   2.48000,
,,,0.050033480000,   2.40000,
,,,0.050033520000,   2.48000,
,,,0.050033560000,   2.48000,
,,,0.050033600000,   2.48000,
,,,0.050033640000,   2.40000,
,,,0.050033680000,   2.40000,
,,,0.050033720000,   2.48000,
,,,0.050033760000,   2.40000,
,,,0.050033800000,   2.40000,
,,,0.050033840000,   2.56000,
,,,0.050033880000,   2.48000,
,,,0.050033920000,   2.48000,
,,,0.050033960000,   2.40000,
,,,0.050034000000,   2.48000,
,,,0.050034040000,   2.48000,
,,,0.050034080000,   2.56000,
,,,0.050034120000,   2.56000,
,,,0.050034160000,   2.48000,
,,,0.050034200000,   2.40000,
,,,0.050034240000,   2.48000,
,,,0.050034280000,   2.48000,
,,,0.050034320000,   2.48000,
,,,0.050034360000,   2.48000,
,,,0.050034400000,   2.48000,
,,,0.050034440000,   2.48000,
,,,0.050034480000,   2.40000,
,,,0.050034520000,   2.48000,
,,,0.050034560000,   2.40000,
,,,0.050034600000,   2.40000,
,,,0.050034640000,   2.48000,
,,,0.050034680000,   2.48000,
,,,0.050034720000,   2.48000,
,,,0.050034760000,   2.48000,
,,,0.050034800000,   2.56000,
,,,0.050034840000,   2.48000,
,,,0.050034880000,   2.56000,
,,,0.050034920000,   2.48000,
,,,0.050034960000,   2.48000,
,,,0.050035000000,   2.48000,
,,,0.050035040000,   2.40000,
,,,0.050035080000,   2.48000,
,,,0.050035120000,   2.48000,
,,,0.050035160000,   2.40000,
,,,0.050035200000,   2.48000,
,,,0.050035240000,   2.40000,
,,,0.050035280000,   2.48000,
,,,0.050035320000,   2.48000,
,,,0.050035360000,   2.40000,
,,,0.050035400000,   2.48000,
,,,0.050035440000,   2.56000,
,,,0.050035480000,   2.48000,
,,,0.050035520000,   2.40000,
,,,0.050035560000,   2.40000,
,,,0.050035600000,   2.48000,
,,,0.050035640000,   2.48000,
,,,0.050035680000,   2.56000,
,,,0.050035720000,   2.40000,
,,,0.050035760000,   2.40000,
,,,0.050035800000,   2.48000,
,,,0.050035840000,   2.48000,
,,,0.050035880000,   2.48000,
,,,0.050035920000,   2.40000,
,,,0.050035960000,   2.40000,
,,,0.050036000000,   2.48000,
,,,0.050036040000,   2.48000,
,,,0.050036080000,   2.48000,
,,,0.050036120000,   2.40000,
,,,0.050036160000,   2.40000,
,,,0.050036200000,   2.48000,
,,,0.050036240000,   2.48000,
,,,0.050036280000,   2.40000,
,,,0.050036320000,   2.48000,
,,,0.050036360000,   2.48000,
,,,0.050036400000,   2.48000,
,,,0.050036440000,   2.40000,
,,,0.050036480000,   2.48000,
,,,0.050036520000,   2.40000,
,,,0.050036560000,   2.40000,
,,,0.050036600000,   2.48000,
,,,0.050036640000,   2.48000,
,,,0.050036680000,   2.40000,
,,,0.050036720000,   2.48000,
,,,0.050036760000,   2.48000,
,,,0.050036800000,   2.48000,
,,,0.050036840000,   2.40000,
,,,0.050036880000,   2.48000,
,,,0.050036920000,   2.48000,
,,,0.050036960000,   2.48000,
,,,0.050037000000,   2.48000,
,,,0.050037040000,   2.48000,
,,,0.050037080000,   2.48000,
,,,0.050037120000,   2.48000,
,,,0.050037160000,   2.48000,
,,,0.050037200000,   2.48000,
,,,0.050037240000,   2.40000,
,,,0.050037280000,   2.48000,
,,,0.050037320000,   2.48000,
,,,0.050037360000,   2.48000,
,,,0.050037400000,   2.40000,
,,,0.050037440000,   2.48000,
,,,0.050037480000,   2.48000,
,,,0.050037520000,   2.40000,
,,,0.050037560000,   2.48000,
,,,0.050037600000,   2.48000,
,,,0.050037640000,   2.48000,
,,,0.050037680000,   2.40000,
,,,0.050037720000,   2.48000,
,,,0.050037760000,   2.48000,
,,,0.050037800000,   2.48000,
,,,0.050037840000,   2.48000,
,,,0.050037880000,   2.40000,
,,,0.050037920000,   2.48000,
,,,0.050037960000,   2.40000,
,,,0.050038000000,   2.48000,
,,,0.050038040000,   2.40000,
,,,0.050038080000,   2.48000,
,,,0.050038120000,   2.40000,
,,,0.050038160000,   2.40000,
,,,0.050038200000,   2.40000,
,,,0.050038240000,   2.48000,
,,,0.050038280000,   2.40000,
,,,0.050038320000,   2.48000,
,,,0.050038360000,   2.48000,
,,,0.050038400000,   2.48000,
,,,0.050038440000,   2.40000,
,,,0.050038480000,   2.40000,
,,,0.050038520000,   2.48000,
,,,0.050038560000,   2.40000,
,,,0.050038600000,   2.48000,
,,,0.050038640000,   2.40000,
,,,0.050038680000,   2.48000,
,,,0.050038720000,   2.48000,
,,,0.050038760000,   2.48000,
,,,0.050038800000,   2.40000,
,,,0.050038840000,   2.48000,
,,,0.050038880000,   2.40000,
,,,0.050038920000,   2.48000,
,,,0.050038960000,   2.40000,
,,,0.050039000000,   2.48000,
,,,0.050039040000,   2.48000,
,,,0.050039080000,   2.56000,
,,,0.050039120000,   2.48000,
,,,0.050039160000,   2.40000,
,,,0.050039200000,   2.40000,
,,,0.050039240000,   2.48000,
,,,0.050039280000,   2.48000,
,,,0.050039320000,   2.40000,
,,,0.050039360000,   2.48000,
,,,0.050039400000,   2.48000,
,,,0.050039440000,   2.48000,
,,,0.050039480000,   2.48000,
,,,0.050039520000,   2.40000,
,,,0.050039560000,   2.48000,
,,,0.050039600000,   2.40000,
,,,0.050039640000,   2.48000,
,,,0.050039680000,   2.48000,
,,,0.050039720000,   2.48000,
,,,0.050039760000,   2.40000,
,,,0.050039800000,   2.48000,
,,,0.050039840000,   2.48000,
,,,0.050039880000,   2.48000,
,,,0.050039920000,   2.40000,
,,,0.050039960000,   2.40000,
,,,0.050040000000,   2.56000,
,,,0.050040040000,   2.48000,
,,,0.050040080000,   2.40000,
,,,0.050040120000,   2.48000,
,,,0.050040160000,   2.48000,
,,,0.050040200000,   2.48000,
,,,0.050040240000,   2.48000,
,,,0.050040280000,   2.40000,
,,,0.050040320000,   2.48000,
,,,0.050040360000,   2.48000,
,,,0.050040400000,   2.48000,
,,,0.050040440000,   2.48000,
,,,0.050040480000,   2.48000,
,,,0.050040520000,   2.48000,
,,,0.050040560000,   2.48000,
,,,0.050040600000,   2.48000,
,,,0.050040640000,   2.48000,
,,,0.050040680000,   2.48000,
,,,0.050040720000,   2.48000,
,,,0.050040760000,   2.48000,
,,,0.050040800000,   2.48000,
,,,0.050040840000,   2.48000,
,,,0.050040880000,   2.40000,
,,,0.050040920000,   2.48000,
,,,0.050040960000,   2.40000,
,,,0.050041000000,   2.48000,
,,,0.050041040000,   2.48000,
,,,0.050041080000,   2.48000,
,,,0.050041120000,   2.56000,
,,,0.050041160000,   2.40000,
,,,0.050041200000,   2.40000,
,,,0.050041240000,   2.48000,
,,,0.050041280000,   2.48000,
,,,0.050041320000,   2.48000,
,,,0.050041360000,   2.48000,
,,,0.050041400000,   2.48000,
,,,0.050041440000,   2.48000,
,,,0.050041480000,   2.40000,
,,,0.050041520000,   2.48000,
,,,0.050041560000,   2.40000,
,,,0.050041600000,   2.48000,
,,,0.050041640000,   2.40000,
,,,0.050041680000,   2.48000,
,,,0.050041720000,   2.40000,
,,,0.050041760000,   2.56000,
,,,0.050041800000,   2.40000,
,,,0.050041840000,   2.48000,
,,,0.050041880000,   2.48000,
,,,0.050041920000,   2.40000,
,,,0.050041960000,   2.48000,
,,,0.050042000000,   2.48000,
,,,0.050042040000,   2.48000,
,,,0.050042080000,   2.48000,
,,,0.050042120000,   2.40000,
,,,0.050042160000,   2.48000,
,,,0.050042200000,   2.40000,
,,,0.050042240000,   2.40000,
,,,0.050042280000,   2.48000,
,,,0.050042320000,   2.48000,
,,,0.050042360000,   2.40000,
,,,0.050042400000,   2.40000,
,,,0.050042440000,   2.32000,
,,,0.050042480000,   2.40000,
,,,0.050042520000,   2.40000,
,,,0.050042560000,   2.40000,
,,,0.050042600000,   2.48000,
,,,0.050042640000,   2.32000,
,,,0.050042680000,   2.64000,
,,,0.050042720000,   2.48000,
,,,0.050042760000,   2.32000,
,,,0.050042800000,   2.48000,
,,,0.050042840000,   2.48000,
,,,0.050042880000,   2.48000,
,,,0.050042920000,   2.40000,
,,,0.050042960000,   2.48000,
,,,0.050043000000,   2.48000,
,,,0.050043040000,   2.40000,
,,,0.050043080000,   2.48000,
,,,0.050043120000,   2.48000,
,,,0.050043160000,   2.40000,
,,,0.050043200000,   2.48000,
,,,0.050043240000,   2.40000,
,,,0.050043280000,   2.40000,
,,,0.050043320000,   2.48000,
,,,0.050043360000,   2.48000,
,,,0.050043400000,   2.48000,
,,,0.050043440000,   2.40000,
,,,0.050043480000,   2.40000,
,,,0.050043520000,   2.56000,
,,,0.050043560000,   2.40000,
,,,0.050043600000,   2.48000,
,,,0.050043640000,   2.56000,
,,,0.050043680000,   2.40000,
,,,0.050043720000,   2.40000,
,,,0.050043760000,   2.48000,
,,,0.050043800000,   2.48000,
,,,0.050043840000,   2.40000,
,,,0.050043880000,   2.48000,
,,,0.050043920000,   2.48000,
,,,0.050043960000,   2.40000,
,,,0.050044000000,   2.56000,
,,,0.050044040000,   2.40000,
,,,0.050044080000,   2.32000,
,,,0.050044120000,   2.56000,
,,,0.050044160000,   2.32000,
,,,0.050044200000,   2.40000,
,,,0.050044240000,   2.56000,
,,,0.050044280000,   2.48000,
,,,0.050044320000,   2.40000,
,,,0.050044360000,   2.40000,
,,,0.050044400000,   2.48000,
,,,0.050044440000,   2.48000,
,,,0.050044480000,   2.40000,
,,,0.050044520000,   2.40000,
,,,0.050044560000,   2.56000,
,,,0.050044600000,   2.40000,
,,,0.050044640000,   2.48000,
,,,0.050044680000,   2.48000,
,,,0.050044720000,   2.48000,
,,,0.050044760000,   2.48000,
,,,0.050044800000,   2.48000,
,,,0.050044840000,   2.48000,
,,,0.050044880000,   2.56000,
,,,0.050044920000,   2.40000,
,,,0.050044960000,   2.48000,
,,,0.050045000000,   2.48000,
,,,0.050045040000,   2.48000,
,,,0.050045080000,   2.40000,
,,,0.050045120000,   2.40000,
,,,0.050045160000,   2.48000,
,,,0.050045200000,   2.40000,
,,,0.050045240000,   2.48000,
,,,0.050045280000,   2.48000,
,,,0.050045320000,   2.40000,
,,,0.050045360000,   2.48000,
,,,0.050045400000,   2.48000,
,,,0.050045440000,   2.48000,
,,,0.050045480000,   2.48000,
,,,0.050045520000,   2.40000,
,,,0.050045560000,   2.56000,
,,,0.050045600000,   2.40000,
,,,0.050045640000,   2.48000,
,,,0.050045680000,   2.40000,
,,,0.050045720000,   2.48000,
,,,0.050045760000,   2.40000,
,,,0.050045800000,   2.40000,
,,,0.050045840000,   2.40000,
,,,0.050045880000,   2.40000,
,,,0.050045920000,   2.48000,
,,,0.050045960000,   2.48000,
,,,0.050046000000,   2.48000,
,,,0.050046040000,   2.48000,
,,,0.050046080000,   2.48000,
,,,0.050046120000,   2.40000,
,,,0.050046160000,   2.48000,
,,,0.050046200000,   2.40000,
,,,0.050046240000,   2.40000,
,,,0.050046280000,   2.48000,
,,,0.050046320000,   2.40000,
,,,0.050046360000,   2.48000,
,,,0.050046400000,   2.40000,
,,,0.050046440000,   2.40000,
,,,0.050046480000,   2.40000,
,,,0.050046520000,   2.40000,
,,,0.050046560000,   2.48000,
,,,0.050046600000,   2.40000,
,,,0.050046640000,   2.40000,
,,,0.050046680000,   2.48000,
,,,0.050046720000,   2.40000,
,,,0.050046760000,   2.40000,
,,,0.050046800000,   2.48000,
,,,0.050046840000,   2.48000,
,,,0.050046880000,   2.40000,
,,,0.050046920000,   2.48000,
,,,0.050046960000,   2.48000,
,,,0.050047000000,   2.40000,
,,,0.050047040000,   2.48000,
,,,0.050047080000,   2.40000,
,,,0.050047120000,   2.40000,
,,,0.050047160000,   2.40000,
,,,0.050047200000,   2.48000,
,,,0.050047240000,   2.32000,
,,,0.050047280000,   2.48000,
,,,0.050047320000,   2.48000,
,,,0.050047360000,   2.40000,
,,,0.050047400000,   2.48000,
,,,0.050047440000,   2.40000,
,,,0.050047480000,   2.48000,
,,,0.050047520000,   2.48000,
,,,0.050047560000,   2.48000,
